u8 data_out[18432] = {
0x9c, 0xe3, 0x0f, 0x00, 0x00, 0x00, 0x00, 0x00,
0x36, 0xd2, 0x0f, 0x00, 0x00, 0x00, 0x00, 0x00,
0x48, 0xd2, 0x0f, 0x00, 0x00, 0x00, 0x00, 0x00,
0x5a, 0xd2, 0x0f, 0x00, 0x00, 0x00, 0x00, 0x00,
0x6c, 0xd2, 0x0f, 0x00, 0x00, 0x00, 0x00, 0x00,
0x7e, 0xd2, 0x0f, 0x00, 0x00, 0x00, 0x00, 0x00,
0x90, 0xd2, 0x0f, 0x00, 0x00, 0x00, 0x00, 0x00,
0xa2, 0xd2, 0x0f, 0x00, 0x00, 0x00, 0x00, 0x00,
0xb4, 0xd2, 0x0f, 0x00, 0x00, 0x00, 0x00, 0x00,
0xc6, 0xd2, 0x0f, 0x00, 0x00, 0x00, 0x00, 0x00,
0xd8, 0xd2, 0x0f, 0x00, 0x00, 0x00, 0x00, 0x00,
0xea, 0xd2, 0x0f, 0x00, 0x00, 0x00, 0x00, 0x00,
0xfc, 0xd2, 0x0f, 0x00, 0x00, 0x00, 0x00, 0x00,
0x0e, 0xd3, 0x0f, 0x00, 0x00, 0x00, 0x00, 0x00,
0x20, 0xd3, 0x0f, 0x00, 0x00, 0x00, 0x00, 0x00,
0x32, 0xd3, 0x0f, 0x00, 0x00, 0x00, 0x00, 0x00,
0x44, 0xd3, 0x0f, 0x00, 0x00, 0x00, 0x00, 0x00,
0x56, 0xd3, 0x0f, 0x00, 0x00, 0x00, 0x00, 0x00,
0x68, 0xd3, 0x0f, 0x00, 0x00, 0x00, 0x00, 0x00,
0x7a, 0xd3, 0x0f, 0x00, 0x00, 0x00, 0x00, 0x00,
0x8c, 0xd3, 0x0f, 0x00, 0x00, 0x00, 0x00, 0x00,
0x9e, 0xd3, 0x0f, 0x00, 0x00, 0x00, 0x00, 0x00,
0xb0, 0xd3, 0x0f, 0x00, 0x00, 0x00, 0x00, 0x00,
0x32, 0xf0, 0x0f, 0x00, 0x00, 0x00, 0x00, 0x00,
0xcb, 0xf5, 0x0f, 0x00, 0x00, 0x00, 0x00, 0x00,
0x15, 0xd5, 0x0f, 0x00, 0x00, 0x00, 0x00, 0x00,
0x41, 0xd5, 0x0f, 0x00, 0x00, 0x00, 0x00, 0x00,
0x6d, 0xd5, 0x0f, 0x00, 0x00, 0x00, 0x00, 0x00,
0x99, 0xd5, 0x0f, 0x00, 0x00, 0x00, 0x00, 0x00,
0xc5, 0xd5, 0x0f, 0x00, 0x00, 0x00, 0x00, 0x00,
0xf1, 0xd5, 0x0f, 0x00, 0x00, 0x00, 0x00, 0x00,
0x1d, 0xd6, 0x0f, 0x00, 0x00, 0x00, 0x00, 0x00,
0x49, 0xd6, 0x0f, 0x00, 0x00, 0x00, 0x00, 0x00,
0x75, 0xd6, 0x0f, 0x00, 0x00, 0x00, 0x00, 0x00,
0xa1, 0xd6, 0x0f, 0x00, 0x00, 0x00, 0x00, 0x00,
0xcd, 0xd6, 0x0f, 0x00, 0x00, 0x00, 0x00, 0x00,
0xf9, 0xd6, 0x0f, 0x00, 0x00, 0x00, 0x00, 0x00,
0x25, 0xd7, 0x0f, 0x00, 0x00, 0x00, 0x00, 0x00,
0x51, 0xd7, 0x0f, 0x00, 0x00, 0x00, 0x00, 0x00,
0x7d, 0xd7, 0x0f, 0x00, 0x00, 0x00, 0x00, 0x00,
0xa9, 0xd7, 0x0f, 0x00, 0x00, 0x00, 0x00, 0x00,
0xd5, 0xd7, 0x0f, 0x00, 0x00, 0x00, 0x00, 0x00,
0x01, 0xd8, 0x0f, 0x00, 0x00, 0x00, 0x00, 0x00,
0x2d, 0xd8, 0x0f, 0x00, 0x00, 0x00, 0x00, 0x00,
0x59, 0xd8, 0x0f, 0x00, 0x00, 0x00, 0x00, 0x00,
0x85, 0xd8, 0x0f, 0x00, 0x00, 0x00, 0x00, 0x00,
0xb1, 0xd8, 0x0f, 0x00, 0x00, 0x00, 0x00, 0x00,
0x85, 0xf4, 0x0f, 0x00, 0x00, 0x00, 0x00, 0x00,
0x5b, 0xf7, 0x0f, 0x00, 0x00, 0x00, 0x00, 0x00,
0x75, 0xd6, 0x0f, 0x00, 0x00, 0x00, 0x00, 0x00,
0xa1, 0xd6, 0x0f, 0x00, 0x00, 0x00, 0x00, 0x00,
0xcd, 0xd6, 0x0f, 0x00, 0x00, 0x00, 0x00, 0x00,
0xf9, 0xd6, 0x0f, 0x00, 0x00, 0x00, 0x00, 0x00,
0x25, 0xd7, 0x0f, 0x00, 0x00, 0x00, 0x00, 0x00,
0x51, 0xd7, 0x0f, 0x00, 0x00, 0x00, 0x00, 0x00,
0x7d, 0xd7, 0x0f, 0x00, 0x00, 0x00, 0x00, 0x00,
0xa9, 0xd7, 0x0f, 0x00, 0x00, 0x00, 0x00, 0x00,
0xd5, 0xd7, 0x0f, 0x00, 0x00, 0x00, 0x00, 0x00,
0x01, 0xd8, 0x0f, 0x00, 0x00, 0x00, 0x00, 0x00,
0x2d, 0xd8, 0x0f, 0x00, 0x00, 0x00, 0x00, 0x00,
0x59, 0xd8, 0x0f, 0x00, 0x00, 0x00, 0x00, 0x00,
0x85, 0xd8, 0x0f, 0x00, 0x00, 0x00, 0x00, 0x00,
0xb1, 0xd8, 0x0f, 0x00, 0x00, 0x00, 0x00, 0x00,
0xdd, 0xd8, 0x0f, 0x00, 0x00, 0x00, 0x00, 0x00,
0xc2, 0xf0, 0x0f, 0x00, 0x00, 0x00, 0x00, 0x00,
0x0e, 0xf6, 0x0f, 0x00, 0x00, 0x00, 0x00, 0x00,
0x3a, 0xf6, 0x0f, 0x00, 0x00, 0x00, 0x00, 0x00,
0x66, 0xf6, 0x0f, 0x00, 0x00, 0x00, 0x00, 0x00,
0x92, 0xf6, 0x0f, 0x00, 0x00, 0x00, 0x00, 0x00,
0xbe, 0xf6, 0x0f, 0x00, 0x00, 0x00, 0x00, 0x00,
0xea, 0xf6, 0x0f, 0x00, 0x00, 0x00, 0x00, 0x00,
0x16, 0xf7, 0x0f, 0x00, 0x00, 0x00, 0x00, 0x00,
0x42, 0xf7, 0x0f, 0x00, 0x00, 0x00, 0x00, 0x00,
0x6e, 0xf7, 0x0f, 0x00, 0x00, 0x00, 0x00, 0x00,
0x9a, 0xf7, 0x0f, 0x00, 0x00, 0x00, 0x00, 0x00,
0xc6, 0xf7, 0x0f, 0x00, 0x00, 0x00, 0x00, 0x00,
0xf2, 0xf7, 0x0f, 0x00, 0x00, 0x00, 0x00, 0x00,
0x1e, 0xf8, 0x0f, 0x00, 0x00, 0x00, 0x00, 0x00,
0x4a, 0xf8, 0x0f, 0x00, 0x00, 0x00, 0x00, 0x00,
0x76, 0xf8, 0x0f, 0x00, 0x00, 0x00, 0x00, 0x00,
0xa2, 0xf8, 0x0f, 0x00, 0x00, 0x00, 0x00, 0x00,
0xce, 0xf8, 0x0f, 0x00, 0x00, 0x00, 0x00, 0x00,
0xfa, 0xf8, 0x0f, 0x00, 0x00, 0x00, 0x00, 0x00,
0x26, 0xf9, 0x0f, 0x00, 0x00, 0x00, 0x00, 0x00,
0x52, 0xf9, 0x0f, 0x00, 0x00, 0x00, 0x00, 0x00,
0x7e, 0xf9, 0x0f, 0x00, 0x00, 0x00, 0x00, 0x00,
0xaa, 0xf9, 0x0f, 0x00, 0x00, 0x00, 0x00, 0x00,
0xf6, 0x09, 0x00, 0x00, 0x00, 0x00, 0x00, 0x00,
0x2b, 0xed, 0x0f, 0x00, 0x00, 0x00, 0x00, 0x00,
0x7b, 0xf8, 0x0f, 0x00, 0x00, 0x00, 0x00, 0x00,
0x1f, 0xf8, 0x0f, 0x00, 0x00, 0x00, 0x00, 0x00,
0xc3, 0xf7, 0x0f, 0x00, 0x00, 0x00, 0x00, 0x00,
0x67, 0xf7, 0x0f, 0x00, 0x00, 0x00, 0x00, 0x00,
0x0b, 0xf7, 0x0f, 0x00, 0x00, 0x00, 0x00, 0x00,
0xaf, 0xf6, 0x0f, 0x00, 0x00, 0x00, 0x00, 0x00,
0x53, 0xf6, 0x0f, 0x00, 0x00, 0x00, 0x00, 0x00,
0xf7, 0xf5, 0x0f, 0x00, 0x00, 0x00, 0x00, 0x00,
0x9b, 0xf5, 0x0f, 0x00, 0x00, 0x00, 0x00, 0x00,
0x3f, 0xf5, 0x0f, 0x00, 0x00, 0x00, 0x00, 0x00,
0xe3, 0xf4, 0x0f, 0x00, 0x00, 0x00, 0x00, 0x00,
0x87, 0xf4, 0x0f, 0x00, 0x00, 0x00, 0x00, 0x00,
0x2b, 0xf4, 0x0f, 0x00, 0x00, 0x00, 0x00, 0x00,
0xcf, 0xf3, 0x0f, 0x00, 0x00, 0x00, 0x00, 0x00,
0x73, 0xf3, 0x0f, 0x00, 0x00, 0x00, 0x00, 0x00,
0x17, 0xf3, 0x0f, 0x00, 0x00, 0x00, 0x00, 0x00,
0xbb, 0xf2, 0x0f, 0x00, 0x00, 0x00, 0x00, 0x00,
0x5f, 0xf2, 0x0f, 0x00, 0x00, 0x00, 0x00, 0x00,
0x03, 0xf2, 0x0f, 0x00, 0x00, 0x00, 0x00, 0x00,
0xa7, 0xf1, 0x0f, 0x00, 0x00, 0x00, 0x00, 0x00,
0x4b, 0xf1, 0x0f, 0x00, 0x00, 0x00, 0x00, 0x00,
0xef, 0xf0, 0x0f, 0x00, 0x00, 0x00, 0x00, 0x00,
0xcb, 0x01, 0x00, 0x00, 0x00, 0x00, 0x00, 0x00,
0xeb, 0xeb, 0x0f, 0x00, 0x00, 0x00, 0x00, 0x00,
0x9b, 0xf5, 0x0f, 0x00, 0x00, 0x00, 0x00, 0x00,
0x3f, 0xf5, 0x0f, 0x00, 0x00, 0x00, 0x00, 0x00,
0xe3, 0xf4, 0x0f, 0x00, 0x00, 0x00, 0x00, 0x00,
0x87, 0xf4, 0x0f, 0x00, 0x00, 0x00, 0x00, 0x00,
0x2b, 0xf4, 0x0f, 0x00, 0x00, 0x00, 0x00, 0x00,
0xcf, 0xf3, 0x0f, 0x00, 0x00, 0x00, 0x00, 0x00,
0x73, 0xf3, 0x0f, 0x00, 0x00, 0x00, 0x00, 0x00,
0x17, 0xf3, 0x0f, 0x00, 0x00, 0x00, 0x00, 0x00,
0xbb, 0xf2, 0x0f, 0x00, 0x00, 0x00, 0x00, 0x00,
0x5f, 0xf2, 0x0f, 0x00, 0x00, 0x00, 0x00, 0x00,
0x03, 0xf2, 0x0f, 0x00, 0x00, 0x00, 0x00, 0x00,
0xa7, 0xf1, 0x0f, 0x00, 0x00, 0x00, 0x00, 0x00,
0x4b, 0xf1, 0x0f, 0x00, 0x00, 0x00, 0x00, 0x00,
0xef, 0xf0, 0x0f, 0x00, 0x00, 0x00, 0x00, 0x00,
0x93, 0xf0, 0x0f, 0x00, 0x00, 0x00, 0x00, 0x00,
0x24, 0x1a, 0x00, 0x00, 0x00, 0x00, 0x00, 0x00,
0x93, 0x09, 0x00, 0x00, 0x00, 0x00, 0x00, 0x00,
0xba, 0x09, 0x00, 0x00, 0x00, 0x00, 0x00, 0x00,
0xe1, 0x09, 0x00, 0x00, 0x00, 0x00, 0x00, 0x00,
0x08, 0x0a, 0x00, 0x00, 0x00, 0x00, 0x00, 0x00,
0x2f, 0x0a, 0x00, 0x00, 0x00, 0x00, 0x00, 0x00,
0x56, 0x0a, 0x00, 0x00, 0x00, 0x00, 0x00, 0x00,
0x7d, 0x0a, 0x00, 0x00, 0x00, 0x00, 0x00, 0x00,
0xa4, 0x0a, 0x00, 0x00, 0x00, 0x00, 0x00, 0x00,
0xcb, 0x0a, 0x00, 0x00, 0x00, 0x00, 0x00, 0x00,
0xf2, 0x0a, 0x00, 0x00, 0x00, 0x00, 0x00, 0x00,
0x19, 0x0b, 0x00, 0x00, 0x00, 0x00, 0x00, 0x00,
0x40, 0x0b, 0x00, 0x00, 0x00, 0x00, 0x00, 0x00,
0x67, 0x0b, 0x00, 0x00, 0x00, 0x00, 0x00, 0x00,
0x8e, 0x0b, 0x00, 0x00, 0x00, 0x00, 0x00, 0x00,
0xb5, 0x0b, 0x00, 0x00, 0x00, 0x00, 0x00, 0x00,
0xdc, 0x0b, 0x00, 0x00, 0x00, 0x00, 0x00, 0x00,
0x03, 0x0c, 0x00, 0x00, 0x00, 0x00, 0x00, 0x00,
0x2a, 0x0c, 0x00, 0x00, 0x00, 0x00, 0x00, 0x00,
0x51, 0x0c, 0x00, 0x00, 0x00, 0x00, 0x00, 0x00,
0x78, 0x0c, 0x00, 0x00, 0x00, 0x00, 0x00, 0x00,
0x9f, 0x0c, 0x00, 0x00, 0x00, 0x00, 0x00, 0x00,
0xc6, 0x0c, 0x00, 0x00, 0x00, 0x00, 0x00, 0x00,
0x2d, 0xf9, 0x0f, 0x00, 0x00, 0x00, 0x00, 0x00,
0x26, 0x0e, 0x00, 0x00, 0x00, 0x00, 0x00, 0x00,
0x59, 0x0d, 0x00, 0x00, 0x00, 0x00, 0x00, 0x00,
0x6e, 0x0d, 0x00, 0x00, 0x00, 0x00, 0x00, 0x00,
0x83, 0x0d, 0x00, 0x00, 0x00, 0x00, 0x00, 0x00,
0x98, 0x0d, 0x00, 0x00, 0x00, 0x00, 0x00, 0x00,
0xad, 0x0d, 0x00, 0x00, 0x00, 0x00, 0x00, 0x00,
0xc2, 0x0d, 0x00, 0x00, 0x00, 0x00, 0x00, 0x00,
0xd7, 0x0d, 0x00, 0x00, 0x00, 0x00, 0x00, 0x00,
0xec, 0x0d, 0x00, 0x00, 0x00, 0x00, 0x00, 0x00,
0x01, 0x0e, 0x00, 0x00, 0x00, 0x00, 0x00, 0x00,
0x16, 0x0e, 0x00, 0x00, 0x00, 0x00, 0x00, 0x00,
0x2b, 0x0e, 0x00, 0x00, 0x00, 0x00, 0x00, 0x00,
0x40, 0x0e, 0x00, 0x00, 0x00, 0x00, 0x00, 0x00,
0x55, 0x0e, 0x00, 0x00, 0x00, 0x00, 0x00, 0x00,
0x6a, 0x0e, 0x00, 0x00, 0x00, 0x00, 0x00, 0x00,
0x7f, 0x0e, 0x00, 0x00, 0x00, 0x00, 0x00, 0x00,
0x94, 0x0e, 0x00, 0x00, 0x00, 0x00, 0x00, 0x00,
0xa9, 0x0e, 0x00, 0x00, 0x00, 0x00, 0x00, 0x00,
0xbe, 0x0e, 0x00, 0x00, 0x00, 0x00, 0x00, 0x00,
0xd3, 0x0e, 0x00, 0x00, 0x00, 0x00, 0x00, 0x00,
0xe8, 0x0e, 0x00, 0x00, 0x00, 0x00, 0x00, 0x00,
0xfd, 0x0e, 0x00, 0x00, 0x00, 0x00, 0x00, 0x00,
0x12, 0x0f, 0x00, 0x00, 0x00, 0x00, 0x00, 0x00,
0x97, 0xf3, 0x0f, 0x00, 0x00, 0x00, 0x00, 0x00,
0xfe, 0x0e, 0x00, 0x00, 0x00, 0x00, 0x00, 0x00,
0x01, 0x0e, 0x00, 0x00, 0x00, 0x00, 0x00, 0x00,
0x16, 0x0e, 0x00, 0x00, 0x00, 0x00, 0x00, 0x00,
0x2b, 0x0e, 0x00, 0x00, 0x00, 0x00, 0x00, 0x00,
0x40, 0x0e, 0x00, 0x00, 0x00, 0x00, 0x00, 0x00,
0x55, 0x0e, 0x00, 0x00, 0x00, 0x00, 0x00, 0x00,
0x6a, 0x0e, 0x00, 0x00, 0x00, 0x00, 0x00, 0x00,
0x7f, 0x0e, 0x00, 0x00, 0x00, 0x00, 0x00, 0x00,
0x94, 0x0e, 0x00, 0x00, 0x00, 0x00, 0x00, 0x00,
0xa9, 0x0e, 0x00, 0x00, 0x00, 0x00, 0x00, 0x00,
0xbe, 0x0e, 0x00, 0x00, 0x00, 0x00, 0x00, 0x00,
0xd3, 0x0e, 0x00, 0x00, 0x00, 0x00, 0x00, 0x00,
0xe8, 0x0e, 0x00, 0x00, 0x00, 0x00, 0x00, 0x00,
0xfd, 0x0e, 0x00, 0x00, 0x00, 0x00, 0x00, 0x00,
0x12, 0x0f, 0x00, 0x00, 0x00, 0x00, 0x00, 0x00,
0x27, 0x0f, 0x00, 0x00, 0x00, 0x00, 0x00, 0x00,
0xe0, 0xd8, 0x0f, 0x00, 0x00, 0x00, 0x00, 0x00,
0x4a, 0xcf, 0x0f, 0x00, 0x00, 0x00, 0x00, 0x00,
0x64, 0xcf, 0x0f, 0x00, 0x00, 0x00, 0x00, 0x00,
0x7e, 0xcf, 0x0f, 0x00, 0x00, 0x00, 0x00, 0x00,
0x98, 0xcf, 0x0f, 0x00, 0x00, 0x00, 0x00, 0x00,
0xb2, 0xcf, 0x0f, 0x00, 0x00, 0x00, 0x00, 0x00,
0xcc, 0xcf, 0x0f, 0x00, 0x00, 0x00, 0x00, 0x00,
0xe6, 0xcf, 0x0f, 0x00, 0x00, 0x00, 0x00, 0x00,
0x00, 0xd0, 0x0f, 0x00, 0x00, 0x00, 0x00, 0x00,
0x1a, 0xd0, 0x0f, 0x00, 0x00, 0x00, 0x00, 0x00,
0x34, 0xd0, 0x0f, 0x00, 0x00, 0x00, 0x00, 0x00,
0x4e, 0xd0, 0x0f, 0x00, 0x00, 0x00, 0x00, 0x00,
0x68, 0xd0, 0x0f, 0x00, 0x00, 0x00, 0x00, 0x00,
0x82, 0xd0, 0x0f, 0x00, 0x00, 0x00, 0x00, 0x00,
0x9c, 0xd0, 0x0f, 0x00, 0x00, 0x00, 0x00, 0x00,
0xb6, 0xd0, 0x0f, 0x00, 0x00, 0x00, 0x00, 0x00,
0xd0, 0xd0, 0x0f, 0x00, 0x00, 0x00, 0x00, 0x00,
0xea, 0xd0, 0x0f, 0x00, 0x00, 0x00, 0x00, 0x00,
0x04, 0xd1, 0x0f, 0x00, 0x00, 0x00, 0x00, 0x00,
0x1e, 0xd1, 0x0f, 0x00, 0x00, 0x00, 0x00, 0x00,
0x38, 0xd1, 0x0f, 0x00, 0x00, 0x00, 0x00, 0x00,
0x52, 0xd1, 0x0f, 0x00, 0x00, 0x00, 0x00, 0x00,
0x6c, 0xd1, 0x0f, 0x00, 0x00, 0x00, 0x00, 0x00,
0x56, 0xef, 0x0f, 0x00, 0x00, 0x00, 0x00, 0x00,
0xf5, 0xd5, 0x0f, 0x00, 0x00, 0x00, 0x00, 0x00,
0x13, 0xc9, 0x0f, 0x00, 0x00, 0x00, 0x00, 0x00,
0x03, 0xc9, 0x0f, 0x00, 0x00, 0x00, 0x00, 0x00,
0xf3, 0xc8, 0x0f, 0x00, 0x00, 0x00, 0x00, 0x00,
0xe3, 0xc8, 0x0f, 0x00, 0x00, 0x00, 0x00, 0x00,
0xd3, 0xc8, 0x0f, 0x00, 0x00, 0x00, 0x00, 0x00,
0xc3, 0xc8, 0x0f, 0x00, 0x00, 0x00, 0x00, 0x00,
0xb3, 0xc8, 0x0f, 0x00, 0x00, 0x00, 0x00, 0x00,
0xa3, 0xc8, 0x0f, 0x00, 0x00, 0x00, 0x00, 0x00,
0x93, 0xc8, 0x0f, 0x00, 0x00, 0x00, 0x00, 0x00,
0x83, 0xc8, 0x0f, 0x00, 0x00, 0x00, 0x00, 0x00,
0x73, 0xc8, 0x0f, 0x00, 0x00, 0x00, 0x00, 0x00,
0x63, 0xc8, 0x0f, 0x00, 0x00, 0x00, 0x00, 0x00,
0x53, 0xc8, 0x0f, 0x00, 0x00, 0x00, 0x00, 0x00,
0x43, 0xc8, 0x0f, 0x00, 0x00, 0x00, 0x00, 0x00,
0x33, 0xc8, 0x0f, 0x00, 0x00, 0x00, 0x00, 0x00,
0x23, 0xc8, 0x0f, 0x00, 0x00, 0x00, 0x00, 0x00,
0x13, 0xc8, 0x0f, 0x00, 0x00, 0x00, 0x00, 0x00,
0x03, 0xc8, 0x0f, 0x00, 0x00, 0x00, 0x00, 0x00,
0xf3, 0xc7, 0x0f, 0x00, 0x00, 0x00, 0x00, 0x00,
0xe3, 0xc7, 0x0f, 0x00, 0x00, 0x00, 0x00, 0x00,
0xd3, 0xc7, 0x0f, 0x00, 0x00, 0x00, 0x00, 0x00,
0xc3, 0xc7, 0x0f, 0x00, 0x00, 0x00, 0x00, 0x00,
0xcb, 0xed, 0x0f, 0x00, 0x00, 0x00, 0x00, 0x00,
0xe5, 0xd6, 0x0f, 0x00, 0x00, 0x00, 0x00, 0x00,
0x93, 0xc8, 0x0f, 0x00, 0x00, 0x00, 0x00, 0x00,
0x83, 0xc8, 0x0f, 0x00, 0x00, 0x00, 0x00, 0x00,
0x73, 0xc8, 0x0f, 0x00, 0x00, 0x00, 0x00, 0x00,
0x63, 0xc8, 0x0f, 0x00, 0x00, 0x00, 0x00, 0x00,
0x53, 0xc8, 0x0f, 0x00, 0x00, 0x00, 0x00, 0x00,
0x43, 0xc8, 0x0f, 0x00, 0x00, 0x00, 0x00, 0x00,
0x33, 0xc8, 0x0f, 0x00, 0x00, 0x00, 0x00, 0x00,
0x23, 0xc8, 0x0f, 0x00, 0x00, 0x00, 0x00, 0x00,
0x13, 0xc8, 0x0f, 0x00, 0x00, 0x00, 0x00, 0x00,
0x03, 0xc8, 0x0f, 0x00, 0x00, 0x00, 0x00, 0x00,
0xf3, 0xc7, 0x0f, 0x00, 0x00, 0x00, 0x00, 0x00,
0xe3, 0xc7, 0x0f, 0x00, 0x00, 0x00, 0x00, 0x00,
0xd3, 0xc7, 0x0f, 0x00, 0x00, 0x00, 0x00, 0x00,
0xc3, 0xc7, 0x0f, 0x00, 0x00, 0x00, 0x00, 0x00,
0xb3, 0xc7, 0x0f, 0x00, 0x00, 0x00, 0x00, 0x00,
0x09, 0xd9, 0x0f, 0x00, 0x00, 0x00, 0x00, 0x00,
0x35, 0xd9, 0x0f, 0x00, 0x00, 0x00, 0x00, 0x00,
0x61, 0xd9, 0x0f, 0x00, 0x00, 0x00, 0x00, 0x00,
0x8d, 0xd9, 0x0f, 0x00, 0x00, 0x00, 0x00, 0x00,
0xb9, 0xd9, 0x0f, 0x00, 0x00, 0x00, 0x00, 0x00,
0xe5, 0xd9, 0x0f, 0x00, 0x00, 0x00, 0x00, 0x00,
0x11, 0xda, 0x0f, 0x00, 0x00, 0x00, 0x00, 0x00,
0x0d, 0xf3, 0x0f, 0x00, 0x00, 0x00, 0x00, 0x00,
0xeb, 0xf8, 0x0f, 0x00, 0x00, 0x00, 0x00, 0x00,
0xd5, 0xd7, 0x0f, 0x00, 0x00, 0x00, 0x00, 0x00,
0x01, 0xd8, 0x0f, 0x00, 0x00, 0x00, 0x00, 0x00,
0x2d, 0xd8, 0x0f, 0x00, 0x00, 0x00, 0x00, 0x00,
0x59, 0xd8, 0x0f, 0x00, 0x00, 0x00, 0x00, 0x00,
0x85, 0xd8, 0x0f, 0x00, 0x00, 0x00, 0x00, 0x00,
0xb1, 0xd8, 0x0f, 0x00, 0x00, 0x00, 0x00, 0x00,
0xdd, 0xd8, 0x0f, 0x00, 0x00, 0x00, 0x00, 0x00,
0x09, 0xd9, 0x0f, 0x00, 0x00, 0x00, 0x00, 0x00,
0x35, 0xd9, 0x0f, 0x00, 0x00, 0x00, 0x00, 0x00,
0x61, 0xd9, 0x0f, 0x00, 0x00, 0x00, 0x00, 0x00,
0x8d, 0xd9, 0x0f, 0x00, 0x00, 0x00, 0x00, 0x00,
0xb9, 0xd9, 0x0f, 0x00, 0x00, 0x00, 0x00, 0x00,
0xe5, 0xd9, 0x0f, 0x00, 0x00, 0x00, 0x00, 0x00,
0x11, 0xda, 0x0f, 0x00, 0x00, 0x00, 0x00, 0x00,
0x3d, 0xda, 0x0f, 0x00, 0x00, 0x00, 0x00, 0x00,
0x69, 0xda, 0x0f, 0x00, 0x00, 0x00, 0x00, 0x00,
0x95, 0xda, 0x0f, 0x00, 0x00, 0x00, 0x00, 0x00,
0xc1, 0xda, 0x0f, 0x00, 0x00, 0x00, 0x00, 0x00,
0xed, 0xda, 0x0f, 0x00, 0x00, 0x00, 0x00, 0x00,
0x19, 0xdb, 0x0f, 0x00, 0x00, 0x00, 0x00, 0x00,
0x45, 0xdb, 0x0f, 0x00, 0x00, 0x00, 0x00, 0x00,
0x71, 0xdb, 0x0f, 0x00, 0x00, 0x00, 0x00, 0x00,
0x95, 0xf1, 0x0f, 0x00, 0x00, 0x00, 0x00, 0x00,
0x7b, 0xfa, 0x0f, 0x00, 0x00, 0x00, 0x00, 0x00,
0x35, 0xd9, 0x0f, 0x00, 0x00, 0x00, 0x00, 0x00,
0x61, 0xd9, 0x0f, 0x00, 0x00, 0x00, 0x00, 0x00,
0x8d, 0xd9, 0x0f, 0x00, 0x00, 0x00, 0x00, 0x00,
0xb9, 0xd9, 0x0f, 0x00, 0x00, 0x00, 0x00, 0x00,
0xe5, 0xd9, 0x0f, 0x00, 0x00, 0x00, 0x00, 0x00,
0x11, 0xda, 0x0f, 0x00, 0x00, 0x00, 0x00, 0x00,
0x3d, 0xda, 0x0f, 0x00, 0x00, 0x00, 0x00, 0x00,
0x69, 0xda, 0x0f, 0x00, 0x00, 0x00, 0x00, 0x00,
0x95, 0xda, 0x0f, 0x00, 0x00, 0x00, 0x00, 0x00,
0xc1, 0xda, 0x0f, 0x00, 0x00, 0x00, 0x00, 0x00,
0xed, 0xda, 0x0f, 0x00, 0x00, 0x00, 0x00, 0x00,
0x19, 0xdb, 0x0f, 0x00, 0x00, 0x00, 0x00, 0x00,
0x45, 0xdb, 0x0f, 0x00, 0x00, 0x00, 0x00, 0x00,
0x71, 0xdb, 0x0f, 0x00, 0x00, 0x00, 0x00, 0x00,
0x9d, 0xdb, 0x0f, 0x00, 0x00, 0x00, 0x00, 0x00,
0xc9, 0xdb, 0x0f, 0x00, 0x00, 0x00, 0x00, 0x00,
0xf5, 0xdb, 0x0f, 0x00, 0x00, 0x00, 0x00, 0x00,
0x21, 0xdc, 0x0f, 0x00, 0x00, 0x00, 0x00, 0x00,
0x4d, 0xdc, 0x0f, 0x00, 0x00, 0x00, 0x00, 0x00,
0x79, 0xdc, 0x0f, 0x00, 0x00, 0x00, 0x00, 0x00,
0xa5, 0xdc, 0x0f, 0x00, 0x00, 0x00, 0x00, 0x00,
0xd1, 0xdc, 0x0f, 0x00, 0x00, 0x00, 0x00, 0x00,
0x1d, 0xf0, 0x0f, 0x00, 0x00, 0x00, 0x00, 0x00,
0x0b, 0xfc, 0x0f, 0x00, 0x00, 0x00, 0x00, 0x00,
0x95, 0xda, 0x0f, 0x00, 0x00, 0x00, 0x00, 0x00,
0xc1, 0xda, 0x0f, 0x00, 0x00, 0x00, 0x00, 0x00,
0xed, 0xda, 0x0f, 0x00, 0x00, 0x00, 0x00, 0x00,
0x19, 0xdb, 0x0f, 0x00, 0x00, 0x00, 0x00, 0x00,
0x45, 0xdb, 0x0f, 0x00, 0x00, 0x00, 0x00, 0x00,
0x71, 0xdb, 0x0f, 0x00, 0x00, 0x00, 0x00, 0x00,
0x9d, 0xdb, 0x0f, 0x00, 0x00, 0x00, 0x00, 0x00,
0x37, 0xf0, 0x0f, 0x00, 0x00, 0x00, 0x00, 0x00,
0xdb, 0xef, 0x0f, 0x00, 0x00, 0x00, 0x00, 0x00,
0x7f, 0xef, 0x0f, 0x00, 0x00, 0x00, 0x00, 0x00,
0x23, 0xef, 0x0f, 0x00, 0x00, 0x00, 0x00, 0x00,
0xc7, 0xee, 0x0f, 0x00, 0x00, 0x00, 0x00, 0x00,
0x6b, 0xee, 0x0f, 0x00, 0x00, 0x00, 0x00, 0x00,
0x0f, 0xee, 0x0f, 0x00, 0x00, 0x00, 0x00, 0x00,
0x93, 0x00, 0x00, 0x00, 0x00, 0x00, 0x00, 0x00,
0xab, 0xea, 0x0f, 0x00, 0x00, 0x00, 0x00, 0x00,
0xbb, 0xf2, 0x0f, 0x00, 0x00, 0x00, 0x00, 0x00,
0x5f, 0xf2, 0x0f, 0x00, 0x00, 0x00, 0x00, 0x00,
0x03, 0xf2, 0x0f, 0x00, 0x00, 0x00, 0x00, 0x00,
0xa7, 0xf1, 0x0f, 0x00, 0x00, 0x00, 0x00, 0x00,
0x4b, 0xf1, 0x0f, 0x00, 0x00, 0x00, 0x00, 0x00,
0xef, 0xf0, 0x0f, 0x00, 0x00, 0x00, 0x00, 0x00,
0x93, 0xf0, 0x0f, 0x00, 0x00, 0x00, 0x00, 0x00,
0x37, 0xf0, 0x0f, 0x00, 0x00, 0x00, 0x00, 0x00,
0xdb, 0xef, 0x0f, 0x00, 0x00, 0x00, 0x00, 0x00,
0x7f, 0xef, 0x0f, 0x00, 0x00, 0x00, 0x00, 0x00,
0x23, 0xef, 0x0f, 0x00, 0x00, 0x00, 0x00, 0x00,
0xc7, 0xee, 0x0f, 0x00, 0x00, 0x00, 0x00, 0x00,
0x6b, 0xee, 0x0f, 0x00, 0x00, 0x00, 0x00, 0x00,
0x0f, 0xee, 0x0f, 0x00, 0x00, 0x00, 0x00, 0x00,
0xb3, 0xed, 0x0f, 0x00, 0x00, 0x00, 0x00, 0x00,
0x57, 0xed, 0x0f, 0x00, 0x00, 0x00, 0x00, 0x00,
0xfb, 0xec, 0x0f, 0x00, 0x00, 0x00, 0x00, 0x00,
0x9f, 0xec, 0x0f, 0x00, 0x00, 0x00, 0x00, 0x00,
0x43, 0xec, 0x0f, 0x00, 0x00, 0x00, 0x00, 0x00,
0xe7, 0xeb, 0x0f, 0x00, 0x00, 0x00, 0x00, 0x00,
0x8b, 0xeb, 0x0f, 0x00, 0x00, 0x00, 0x00, 0x00,
0x2f, 0xeb, 0x0f, 0x00, 0x00, 0x00, 0x00, 0x00,
0x5b, 0xff, 0x0f, 0x00, 0x00, 0x00, 0x00, 0x00,
0x6b, 0xe9, 0x0f, 0x00, 0x00, 0x00, 0x00, 0x00,
0xdb, 0xef, 0x0f, 0x00, 0x00, 0x00, 0x00, 0x00,
0x7f, 0xef, 0x0f, 0x00, 0x00, 0x00, 0x00, 0x00,
0x23, 0xef, 0x0f, 0x00, 0x00, 0x00, 0x00, 0x00,
0xc7, 0xee, 0x0f, 0x00, 0x00, 0x00, 0x00, 0x00,
0x6b, 0xee, 0x0f, 0x00, 0x00, 0x00, 0x00, 0x00,
0x0f, 0xee, 0x0f, 0x00, 0x00, 0x00, 0x00, 0x00,
0xb3, 0xed, 0x0f, 0x00, 0x00, 0x00, 0x00, 0x00,
0x57, 0xed, 0x0f, 0x00, 0x00, 0x00, 0x00, 0x00,
0xfb, 0xec, 0x0f, 0x00, 0x00, 0x00, 0x00, 0x00,
0x9f, 0xec, 0x0f, 0x00, 0x00, 0x00, 0x00, 0x00,
0x43, 0xec, 0x0f, 0x00, 0x00, 0x00, 0x00, 0x00,
0xe7, 0xeb, 0x0f, 0x00, 0x00, 0x00, 0x00, 0x00,
0x8b, 0xeb, 0x0f, 0x00, 0x00, 0x00, 0x00, 0x00,
0x2f, 0xeb, 0x0f, 0x00, 0x00, 0x00, 0x00, 0x00,
0xd3, 0xea, 0x0f, 0x00, 0x00, 0x00, 0x00, 0x00,
0x77, 0xea, 0x0f, 0x00, 0x00, 0x00, 0x00, 0x00,
0x1b, 0xea, 0x0f, 0x00, 0x00, 0x00, 0x00, 0x00,
0xbf, 0xe9, 0x0f, 0x00, 0x00, 0x00, 0x00, 0x00,
0x63, 0xe9, 0x0f, 0x00, 0x00, 0x00, 0x00, 0x00,
0x07, 0xe9, 0x0f, 0x00, 0x00, 0x00, 0x00, 0x00,
0xab, 0xe8, 0x0f, 0x00, 0x00, 0x00, 0x00, 0x00,
0x4f, 0xe8, 0x0f, 0x00, 0x00, 0x00, 0x00, 0x00,
0x23, 0xfe, 0x0f, 0x00, 0x00, 0x00, 0x00, 0x00,
0x2b, 0xe8, 0x0f, 0x00, 0x00, 0x00, 0x00, 0x00,
0xfb, 0xec, 0x0f, 0x00, 0x00, 0x00, 0x00, 0x00,
0x9f, 0xec, 0x0f, 0x00, 0x00, 0x00, 0x00, 0x00,
0x43, 0xec, 0x0f, 0x00, 0x00, 0x00, 0x00, 0x00,
0xe7, 0xeb, 0x0f, 0x00, 0x00, 0x00, 0x00, 0x00,
0x8b, 0xeb, 0x0f, 0x00, 0x00, 0x00, 0x00, 0x00,
0x2f, 0xeb, 0x0f, 0x00, 0x00, 0x00, 0x00, 0x00,
0xd3, 0xea, 0x0f, 0x00, 0x00, 0x00, 0x00, 0x00,
0x3c, 0x0f, 0x00, 0x00, 0x00, 0x00, 0x00, 0x00,
0x51, 0x0f, 0x00, 0x00, 0x00, 0x00, 0x00, 0x00,
0x66, 0x0f, 0x00, 0x00, 0x00, 0x00, 0x00, 0x00,
0x7b, 0x0f, 0x00, 0x00, 0x00, 0x00, 0x00, 0x00,
0x90, 0x0f, 0x00, 0x00, 0x00, 0x00, 0x00, 0x00,
0xa5, 0x0f, 0x00, 0x00, 0x00, 0x00, 0x00, 0x00,
0xba, 0x0f, 0x00, 0x00, 0x00, 0x00, 0x00, 0x00,
0xcf, 0xf4, 0x0f, 0x00, 0x00, 0x00, 0x00, 0x00,
0xd6, 0x0f, 0x00, 0x00, 0x00, 0x00, 0x00, 0x00,
0xa9, 0x0e, 0x00, 0x00, 0x00, 0x00, 0x00, 0x00,
0xbe, 0x0e, 0x00, 0x00, 0x00, 0x00, 0x00, 0x00,
0xd3, 0x0e, 0x00, 0x00, 0x00, 0x00, 0x00, 0x00,
0xe8, 0x0e, 0x00, 0x00, 0x00, 0x00, 0x00, 0x00,
0xfd, 0x0e, 0x00, 0x00, 0x00, 0x00, 0x00, 0x00,
0x12, 0x0f, 0x00, 0x00, 0x00, 0x00, 0x00, 0x00,
0x27, 0x0f, 0x00, 0x00, 0x00, 0x00, 0x00, 0x00,
0x3c, 0x0f, 0x00, 0x00, 0x00, 0x00, 0x00, 0x00,
0x51, 0x0f, 0x00, 0x00, 0x00, 0x00, 0x00, 0x00,
0x66, 0x0f, 0x00, 0x00, 0x00, 0x00, 0x00, 0x00,
0x7b, 0x0f, 0x00, 0x00, 0x00, 0x00, 0x00, 0x00,
0x90, 0x0f, 0x00, 0x00, 0x00, 0x00, 0x00, 0x00,
0xa5, 0x0f, 0x00, 0x00, 0x00, 0x00, 0x00, 0x00,
0xba, 0x0f, 0x00, 0x00, 0x00, 0x00, 0x00, 0x00,
0xcf, 0x0f, 0x00, 0x00, 0x00, 0x00, 0x00, 0x00,
0xe4, 0x0f, 0x00, 0x00, 0x00, 0x00, 0x00, 0x00,
0xf9, 0x0f, 0x00, 0x00, 0x00, 0x00, 0x00, 0x00,
0x0e, 0x10, 0x00, 0x00, 0x00, 0x00, 0x00, 0x00,
0x23, 0x10, 0x00, 0x00, 0x00, 0x00, 0x00, 0x00,
0x38, 0x10, 0x00, 0x00, 0x00, 0x00, 0x00, 0x00,
0x4d, 0x10, 0x00, 0x00, 0x00, 0x00, 0x00, 0x00,
0x62, 0x10, 0x00, 0x00, 0x00, 0x00, 0x00, 0x00,
0x07, 0xf6, 0x0f, 0x00, 0x00, 0x00, 0x00, 0x00,
0xae, 0x10, 0x00, 0x00, 0x00, 0x00, 0x00, 0x00,
0x51, 0x0f, 0x00, 0x00, 0x00, 0x00, 0x00, 0x00,
0x66, 0x0f, 0x00, 0x00, 0x00, 0x00, 0x00, 0x00,
0x7b, 0x0f, 0x00, 0x00, 0x00, 0x00, 0x00, 0x00,
0x90, 0x0f, 0x00, 0x00, 0x00, 0x00, 0x00, 0x00,
0xa5, 0x0f, 0x00, 0x00, 0x00, 0x00, 0x00, 0x00,
0xba, 0x0f, 0x00, 0x00, 0x00, 0x00, 0x00, 0x00,
0xcf, 0x0f, 0x00, 0x00, 0x00, 0x00, 0x00, 0x00,
0xe4, 0x0f, 0x00, 0x00, 0x00, 0x00, 0x00, 0x00,
0xf9, 0x0f, 0x00, 0x00, 0x00, 0x00, 0x00, 0x00,
0x0e, 0x10, 0x00, 0x00, 0x00, 0x00, 0x00, 0x00,
0x23, 0x10, 0x00, 0x00, 0x00, 0x00, 0x00, 0x00,
0x38, 0x10, 0x00, 0x00, 0x00, 0x00, 0x00, 0x00,
0x4d, 0x10, 0x00, 0x00, 0x00, 0x00, 0x00, 0x00,
0x62, 0x10, 0x00, 0x00, 0x00, 0x00, 0x00, 0x00,
0x77, 0x10, 0x00, 0x00, 0x00, 0x00, 0x00, 0x00,
0x8c, 0x10, 0x00, 0x00, 0x00, 0x00, 0x00, 0x00,
0xa1, 0x10, 0x00, 0x00, 0x00, 0x00, 0x00, 0x00,
0xb6, 0x10, 0x00, 0x00, 0x00, 0x00, 0x00, 0x00,
0xcb, 0x10, 0x00, 0x00, 0x00, 0x00, 0x00, 0x00,
0xe0, 0x10, 0x00, 0x00, 0x00, 0x00, 0x00, 0x00,
0xf5, 0x10, 0x00, 0x00, 0x00, 0x00, 0x00, 0x00,
0x0a, 0x11, 0x00, 0x00, 0x00, 0x00, 0x00, 0x00,
0x3f, 0xf7, 0x0f, 0x00, 0x00, 0x00, 0x00, 0x00,
0x86, 0x11, 0x00, 0x00, 0x00, 0x00, 0x00, 0x00,
0xf9, 0x0f, 0x00, 0x00, 0x00, 0x00, 0x00, 0x00,
0x0e, 0x10, 0x00, 0x00, 0x00, 0x00, 0x00, 0x00,
0x23, 0x10, 0x00, 0x00, 0x00, 0x00, 0x00, 0x00,
0x38, 0x10, 0x00, 0x00, 0x00, 0x00, 0x00, 0x00,
0x4d, 0x10, 0x00, 0x00, 0x00, 0x00, 0x00, 0x00,
0x62, 0x10, 0x00, 0x00, 0x00, 0x00, 0x00, 0x00,
0x77, 0x10, 0x00, 0x00, 0x00, 0x00, 0x00, 0x00,
0xa3, 0xc7, 0x0f, 0x00, 0x00, 0x00, 0x00, 0x00,
0x93, 0xc7, 0x0f, 0x00, 0x00, 0x00, 0x00, 0x00,
0x83, 0xc7, 0x0f, 0x00, 0x00, 0x00, 0x00, 0x00,
0x73, 0xc7, 0x0f, 0x00, 0x00, 0x00, 0x00, 0x00,
0x63, 0xc7, 0x0f, 0x00, 0x00, 0x00, 0x00, 0x00,
0x53, 0xc7, 0x0f, 0x00, 0x00, 0x00, 0x00, 0x00,
0x43, 0xc7, 0x0f, 0x00, 0x00, 0x00, 0x00, 0x00,
0xa3, 0xea, 0x0f, 0x00, 0x00, 0x00, 0x00, 0x00,
0xd5, 0xd7, 0x0f, 0x00, 0x00, 0x00, 0x00, 0x00,
0x13, 0xc8, 0x0f, 0x00, 0x00, 0x00, 0x00, 0x00,
0x03, 0xc8, 0x0f, 0x00, 0x00, 0x00, 0x00, 0x00,
0xf3, 0xc7, 0x0f, 0x00, 0x00, 0x00, 0x00, 0x00,
0xe3, 0xc7, 0x0f, 0x00, 0x00, 0x00, 0x00, 0x00,
0xd3, 0xc7, 0x0f, 0x00, 0x00, 0x00, 0x00, 0x00,
0xc3, 0xc7, 0x0f, 0x00, 0x00, 0x00, 0x00, 0x00,
0xb3, 0xc7, 0x0f, 0x00, 0x00, 0x00, 0x00, 0x00,
0xa3, 0xc7, 0x0f, 0x00, 0x00, 0x00, 0x00, 0x00,
0x93, 0xc7, 0x0f, 0x00, 0x00, 0x00, 0x00, 0x00,
0x83, 0xc7, 0x0f, 0x00, 0x00, 0x00, 0x00, 0x00,
0x73, 0xc7, 0x0f, 0x00, 0x00, 0x00, 0x00, 0x00,
0x63, 0xc7, 0x0f, 0x00, 0x00, 0x00, 0x00, 0x00,
0x53, 0xc7, 0x0f, 0x00, 0x00, 0x00, 0x00, 0x00,
0x43, 0xc7, 0x0f, 0x00, 0x00, 0x00, 0x00, 0x00,
0x33, 0xc7, 0x0f, 0x00, 0x00, 0x00, 0x00, 0x00,
0x23, 0xc7, 0x0f, 0x00, 0x00, 0x00, 0x00, 0x00,
0x13, 0xc7, 0x0f, 0x00, 0x00, 0x00, 0x00, 0x00,
0x03, 0xc7, 0x0f, 0x00, 0x00, 0x00, 0x00, 0x00,
0xf3, 0xc6, 0x0f, 0x00, 0x00, 0x00, 0x00, 0x00,
0xe3, 0xc6, 0x0f, 0x00, 0x00, 0x00, 0x00, 0x00,
0xd3, 0xc6, 0x0f, 0x00, 0x00, 0x00, 0x00, 0x00,
0xc3, 0xc6, 0x0f, 0x00, 0x00, 0x00, 0x00, 0x00,
0x7b, 0xe7, 0x0f, 0x00, 0x00, 0x00, 0x00, 0x00,
0xc5, 0xd8, 0x0f, 0x00, 0x00, 0x00, 0x00, 0x00,
0x93, 0xc7, 0x0f, 0x00, 0x00, 0x00, 0x00, 0x00,
0x83, 0xc7, 0x0f, 0x00, 0x00, 0x00, 0x00, 0x00,
0x73, 0xc7, 0x0f, 0x00, 0x00, 0x00, 0x00, 0x00,
0x63, 0xc7, 0x0f, 0x00, 0x00, 0x00, 0x00, 0x00,
0x53, 0xc7, 0x0f, 0x00, 0x00, 0x00, 0x00, 0x00,
0x43, 0xc7, 0x0f, 0x00, 0x00, 0x00, 0x00, 0x00,
0x33, 0xc7, 0x0f, 0x00, 0x00, 0x00, 0x00, 0x00,
0x23, 0xc7, 0x0f, 0x00, 0x00, 0x00, 0x00, 0x00,
0x13, 0xc7, 0x0f, 0x00, 0x00, 0x00, 0x00, 0x00,
0x03, 0xc7, 0x0f, 0x00, 0x00, 0x00, 0x00, 0x00,
0xf3, 0xc6, 0x0f, 0x00, 0x00, 0x00, 0x00, 0x00,
0xe3, 0xc6, 0x0f, 0x00, 0x00, 0x00, 0x00, 0x00,
0xd3, 0xc6, 0x0f, 0x00, 0x00, 0x00, 0x00, 0x00,
0xc3, 0xc6, 0x0f, 0x00, 0x00, 0x00, 0x00, 0x00,
0xb3, 0xc6, 0x0f, 0x00, 0x00, 0x00, 0x00, 0x00,
0xa3, 0xc6, 0x0f, 0x00, 0x00, 0x00, 0x00, 0x00,
0x93, 0xc6, 0x0f, 0x00, 0x00, 0x00, 0x00, 0x00,
0x83, 0xc6, 0x0f, 0x00, 0x00, 0x00, 0x00, 0x00,
0x73, 0xc6, 0x0f, 0x00, 0x00, 0x00, 0x00, 0x00,
0x63, 0xc6, 0x0f, 0x00, 0x00, 0x00, 0x00, 0x00,
0x53, 0xc6, 0x0f, 0x00, 0x00, 0x00, 0x00, 0x00,
0x43, 0xc6, 0x0f, 0x00, 0x00, 0x00, 0x00, 0x00,
0x53, 0xe4, 0x0f, 0x00, 0x00, 0x00, 0x00, 0x00,
0xb5, 0xd9, 0x0f, 0x00, 0x00, 0x00, 0x00, 0x00,
0x13, 0xc7, 0x0f, 0x00, 0x00, 0x00, 0x00, 0x00,
0x03, 0xc7, 0x0f, 0x00, 0x00, 0x00, 0x00, 0x00,
0xf3, 0xc6, 0x0f, 0x00, 0x00, 0x00, 0x00, 0x00,
0xe3, 0xc6, 0x0f, 0x00, 0x00, 0x00, 0x00, 0x00,
0xd3, 0xc6, 0x0f, 0x00, 0x00, 0x00, 0x00, 0x00,
0xc3, 0xc6, 0x0f, 0x00, 0x00, 0x00, 0x00, 0x00,
0xb3, 0xc6, 0x0f, 0x00, 0x00, 0x00, 0x00, 0x00,
0xc9, 0xdb, 0x0f, 0x00, 0x00, 0x00, 0x00, 0x00,
0xf5, 0xdb, 0x0f, 0x00, 0x00, 0x00, 0x00, 0x00,
0x21, 0xdc, 0x0f, 0x00, 0x00, 0x00, 0x00, 0x00,
0x4d, 0xdc, 0x0f, 0x00, 0x00, 0x00, 0x00, 0x00,
0x79, 0xdc, 0x0f, 0x00, 0x00, 0x00, 0x00, 0x00,
0xa5, 0xdc, 0x0f, 0x00, 0x00, 0x00, 0x00, 0x00,
0xd1, 0xdc, 0x0f, 0x00, 0x00, 0x00, 0x00, 0x00,
0xfd, 0xf9, 0x0f, 0x00, 0x00, 0x00, 0x00, 0x00,
0x29, 0xe3, 0x0f, 0x00, 0x00, 0x00, 0x00, 0x00,
0x55, 0xfd, 0x0f, 0x00, 0x00, 0x00, 0x00, 0x00,
0x81, 0xfd, 0x0f, 0x00, 0x00, 0x00, 0x00, 0x00,
0xad, 0xfd, 0x0f, 0x00, 0x00, 0x00, 0x00, 0x00,
0xd9, 0xfd, 0x0f, 0x00, 0x00, 0x00, 0x00, 0x00,
0x05, 0xfe, 0x0f, 0x00, 0x00, 0x00, 0x00, 0x00,
0x31, 0xfe, 0x0f, 0x00, 0x00, 0x00, 0x00, 0x00,
0xa5, 0xf1, 0x0f, 0x00, 0x00, 0x00, 0x00, 0x00,
0x9b, 0xfd, 0x0f, 0x00, 0x00, 0x00, 0x00, 0x00,
0xf5, 0xdb, 0x0f, 0x00, 0x00, 0x00, 0x00, 0x00,
0x21, 0xdc, 0x0f, 0x00, 0x00, 0x00, 0x00, 0x00,
0x4d, 0xdc, 0x0f, 0x00, 0x00, 0x00, 0x00, 0x00,
0x79, 0xdc, 0x0f, 0x00, 0x00, 0x00, 0x00, 0x00,
0xa5, 0xdc, 0x0f, 0x00, 0x00, 0x00, 0x00, 0x00,
0xd1, 0xdc, 0x0f, 0x00, 0x00, 0x00, 0x00, 0x00,
0xfd, 0xf9, 0x0f, 0x00, 0x00, 0x00, 0x00, 0x00,
0x29, 0xe3, 0x0f, 0x00, 0x00, 0x00, 0x00, 0x00,
0x55, 0xfd, 0x0f, 0x00, 0x00, 0x00, 0x00, 0x00,
0x81, 0xfd, 0x0f, 0x00, 0x00, 0x00, 0x00, 0x00,
0xad, 0xfd, 0x0f, 0x00, 0x00, 0x00, 0x00, 0x00,
0xd9, 0xfd, 0x0f, 0x00, 0x00, 0x00, 0x00, 0x00,
0x05, 0xfe, 0x0f, 0x00, 0x00, 0x00, 0x00, 0x00,
0x31, 0xfe, 0x0f, 0x00, 0x00, 0x00, 0x00, 0x00,
0x5d, 0xe8, 0x0f, 0x00, 0x00, 0x00, 0x00, 0x00,
0x89, 0xfe, 0x0f, 0x00, 0x00, 0x00, 0x00, 0x00,
0xb5, 0x1e, 0x00, 0x00, 0x00, 0x00, 0x00, 0x00,
0xe1, 0x1e, 0x00, 0x00, 0x00, 0x00, 0x00, 0x00,
0x0d, 0x1f, 0x00, 0x00, 0x00, 0x00, 0x00, 0x00,
0x39, 0x1f, 0x00, 0x00, 0x00, 0x00, 0x00, 0x00,
0x65, 0x1f, 0x00, 0x00, 0x00, 0x00, 0x00, 0x00,
0x91, 0x1f, 0x00, 0x00, 0x00, 0x00, 0x00, 0x00,
0x2d, 0x26, 0x00, 0x00, 0x00, 0x00, 0x00, 0x00,
0x2b, 0x05, 0x00, 0x00, 0x00, 0x00, 0x00, 0x00,
0x55, 0xfd, 0x0f, 0x00, 0x00, 0x00, 0x00, 0x00,
0x81, 0xfd, 0x0f, 0x00, 0x00, 0x00, 0x00, 0x00,
0xad, 0xfd, 0x0f, 0x00, 0x00, 0x00, 0x00, 0x00,
0xd9, 0xfd, 0x0f, 0x00, 0x00, 0x00, 0x00, 0x00,
0x05, 0xfe, 0x0f, 0x00, 0x00, 0x00, 0x00, 0x00,
0x31, 0xfe, 0x0f, 0x00, 0x00, 0x00, 0x00, 0x00,
0x5d, 0xe8, 0x0f, 0x00, 0x00, 0x00, 0x00, 0x00,
0x89, 0xfe, 0x0f, 0x00, 0x00, 0x00, 0x00, 0x00,
0xb5, 0x1e, 0x00, 0x00, 0x00, 0x00, 0x00, 0x00,
0xe1, 0x1e, 0x00, 0x00, 0x00, 0x00, 0x00, 0x00,
0x0d, 0x1f, 0x00, 0x00, 0x00, 0x00, 0x00, 0x00,
0x39, 0x1f, 0x00, 0x00, 0x00, 0x00, 0x00, 0x00,
0x65, 0x1f, 0x00, 0x00, 0x00, 0x00, 0x00, 0x00,
0x91, 0x1f, 0x00, 0x00, 0x00, 0x00, 0x00, 0x00,
0xbd, 0x15, 0x00, 0x00, 0x00, 0x00, 0x00, 0x00,
0xe9, 0x0c, 0x00, 0x00, 0x00, 0x00, 0x00, 0x00,
0x15, 0x0f, 0x00, 0x00, 0x00, 0x00, 0x00, 0x00,
0x41, 0x0f, 0x00, 0x00, 0x00, 0x00, 0x00, 0x00,
0x6d, 0x0f, 0x00, 0x00, 0x00, 0x00, 0x00, 0x00,
0x99, 0x0f, 0x00, 0x00, 0x00, 0x00, 0x00, 0x00,
0xc5, 0x0f, 0x00, 0x00, 0x00, 0x00, 0x00, 0x00,
0xf1, 0x0f, 0x00, 0x00, 0x00, 0x00, 0x00, 0x00,
0xb5, 0x1d, 0x00, 0x00, 0x00, 0x00, 0x00, 0x00,
0x77, 0xea, 0x0f, 0x00, 0x00, 0x00, 0x00, 0x00,
0x1b, 0xea, 0x0f, 0x00, 0x00, 0x00, 0x00, 0x00,
0xbf, 0xe9, 0x0f, 0x00, 0x00, 0x00, 0x00, 0x00,
0x63, 0xe9, 0x0f, 0x00, 0x00, 0x00, 0x00, 0x00,
0x07, 0xe9, 0x0f, 0x00, 0x00, 0x00, 0x00, 0x00,
0xab, 0xe8, 0x0f, 0x00, 0x00, 0x00, 0x00, 0x00,
0x4f, 0xe8, 0x0f, 0x00, 0x00, 0x00, 0x00, 0x00,
0xf3, 0x06, 0x00, 0x00, 0x00, 0x00, 0x00, 0x00,
0x97, 0xfd, 0x0f, 0x00, 0x00, 0x00, 0x00, 0x00,
0x3b, 0xe6, 0x0f, 0x00, 0x00, 0x00, 0x00, 0x00,
0xdf, 0xe5, 0x0f, 0x00, 0x00, 0x00, 0x00, 0x00,
0x83, 0xe5, 0x0f, 0x00, 0x00, 0x00, 0x00, 0x00,
0x27, 0xe5, 0x0f, 0x00, 0x00, 0x00, 0x00, 0x00,
0xcb, 0xe4, 0x0f, 0x00, 0x00, 0x00, 0x00, 0x00,
0x6f, 0xe4, 0x0f, 0x00, 0x00, 0x00, 0x00, 0x00,
0xeb, 0xdc, 0x0f, 0x00, 0x00, 0x00, 0x00, 0x00,
0xeb, 0xe6, 0x0f, 0x00, 0x00, 0x00, 0x00, 0x00,
0x1b, 0xea, 0x0f, 0x00, 0x00, 0x00, 0x00, 0x00,
0xbf, 0xe9, 0x0f, 0x00, 0x00, 0x00, 0x00, 0x00,
0x63, 0xe9, 0x0f, 0x00, 0x00, 0x00, 0x00, 0x00,
0x07, 0xe9, 0x0f, 0x00, 0x00, 0x00, 0x00, 0x00,
0xab, 0xe8, 0x0f, 0x00, 0x00, 0x00, 0x00, 0x00,
0x4f, 0xe8, 0x0f, 0x00, 0x00, 0x00, 0x00, 0x00,
0xf3, 0x06, 0x00, 0x00, 0x00, 0x00, 0x00, 0x00,
0x97, 0xfd, 0x0f, 0x00, 0x00, 0x00, 0x00, 0x00,
0x3b, 0xe6, 0x0f, 0x00, 0x00, 0x00, 0x00, 0x00,
0xdf, 0xe5, 0x0f, 0x00, 0x00, 0x00, 0x00, 0x00,
0x83, 0xe5, 0x0f, 0x00, 0x00, 0x00, 0x00, 0x00,
0x27, 0xe5, 0x0f, 0x00, 0x00, 0x00, 0x00, 0x00,
0xcb, 0xe4, 0x0f, 0x00, 0x00, 0x00, 0x00, 0x00,
0x6f, 0xe4, 0x0f, 0x00, 0x00, 0x00, 0x00, 0x00,
0x13, 0xf5, 0x0f, 0x00, 0x00, 0x00, 0x00, 0x00,
0xb7, 0xd2, 0x0f, 0x00, 0x00, 0x00, 0x00, 0x00,
0x5b, 0xe7, 0x0f, 0x00, 0x00, 0x00, 0x00, 0x00,
0xff, 0xe6, 0x0f, 0x00, 0x00, 0x00, 0x00, 0x00,
0xa3, 0xe6, 0x0f, 0x00, 0x00, 0x00, 0x00, 0x00,
0x47, 0xe6, 0x0f, 0x00, 0x00, 0x00, 0x00, 0x00,
0xeb, 0xe5, 0x0f, 0x00, 0x00, 0x00, 0x00, 0x00,
0x8f, 0xe5, 0x0f, 0x00, 0x00, 0x00, 0x00, 0x00,
0xb3, 0xce, 0x0f, 0x00, 0x00, 0x00, 0x00, 0x00,
0xab, 0xfb, 0x0f, 0x00, 0x00, 0x00, 0x00, 0x00,
0x3b, 0xe6, 0x0f, 0x00, 0x00, 0x00, 0x00, 0x00,
0xdf, 0xe5, 0x0f, 0x00, 0x00, 0x00, 0x00, 0x00,
0x83, 0xe5, 0x0f, 0x00, 0x00, 0x00, 0x00, 0x00,
0x27, 0xe5, 0x0f, 0x00, 0x00, 0x00, 0x00, 0x00,
0xcb, 0xe4, 0x0f, 0x00, 0x00, 0x00, 0x00, 0x00,
0x6f, 0xe4, 0x0f, 0x00, 0x00, 0x00, 0x00, 0x00,
0x13, 0xf5, 0x0f, 0x00, 0x00, 0x00, 0x00, 0x00,
0xb7, 0xd2, 0x0f, 0x00, 0x00, 0x00, 0x00, 0x00,
0x5b, 0xe7, 0x0f, 0x00, 0x00, 0x00, 0x00, 0x00,
0xff, 0xe6, 0x0f, 0x00, 0x00, 0x00, 0x00, 0x00,
0xa3, 0xe6, 0x0f, 0x00, 0x00, 0x00, 0x00, 0x00,
0x47, 0xe6, 0x0f, 0x00, 0x00, 0x00, 0x00, 0x00,
0xeb, 0xe5, 0x0f, 0x00, 0x00, 0x00, 0x00, 0x00,
0x8f, 0xe5, 0x0f, 0x00, 0x00, 0x00, 0x00, 0x00,
0x33, 0xd1, 0x0f, 0x00, 0x00, 0x00, 0x00, 0x00,
0xd7, 0xee, 0x0f, 0x00, 0x00, 0x00, 0x00, 0x00,
0x7b, 0x0b, 0x00, 0x00, 0x00, 0x00, 0x00, 0x00,
0x1f, 0x0b, 0x00, 0x00, 0x00, 0x00, 0x00, 0x00,
0xc3, 0x0a, 0x00, 0x00, 0x00, 0x00, 0x00, 0x00,
0x67, 0x0a, 0x00, 0x00, 0x00, 0x00, 0x00, 0x00, 
0x0b, 0x0a, 0x00, 0x00, 0x00, 0x00, 0x00, 0x00,
0xaf, 0x09, 0x00, 0x00, 0x00, 0x00, 0x00, 0x00,
0x7b, 0x08, 0x00, 0x00, 0x00, 0x00, 0x00, 0x00,
0x8c, 0x10, 0x00, 0x00, 0x00, 0x00, 0x00, 0x00,
0xa1, 0x10, 0x00, 0x00, 0x00, 0x00, 0x00, 0x00,
0xb6, 0x10, 0x00, 0x00, 0x00, 0x00, 0x00, 0x00,
0xcb, 0x10, 0x00, 0x00, 0x00, 0x00, 0x00, 0x00,
0xe0, 0x10, 0x00, 0x00, 0x00, 0x00, 0x00, 0x00,
0xf5, 0x10, 0x00, 0x00, 0x00, 0x00, 0x00, 0x00,
0x0a, 0x11, 0x00, 0x00, 0x00, 0x00, 0x00, 0x00,
0x1f, 0xfa, 0x0f, 0x00, 0x00, 0x00, 0x00, 0x00,
0x34, 0x06, 0x00, 0x00, 0x00, 0x00, 0x00, 0x00,
0x49, 0xee, 0x0f, 0x00, 0x00, 0x00, 0x00, 0x00,
0x5e, 0xee, 0x0f, 0x00, 0x00, 0x00, 0x00, 0x00,
0x73, 0xee, 0x0f, 0x00, 0x00, 0x00, 0x00, 0x00,
0x88, 0xee, 0x0f, 0x00, 0x00, 0x00, 0x00, 0x00,
0x9d, 0xee, 0x0f, 0x00, 0x00, 0x00, 0x00, 0x00,
0xb2, 0xee, 0x0f, 0x00, 0x00, 0x00, 0x00, 0x00,
0x77, 0xec, 0x0f, 0x00, 0x00, 0x00, 0x00, 0x00,
0x5e, 0x12, 0x00, 0x00, 0x00, 0x00, 0x00, 0x00,
0xa1, 0x10, 0x00, 0x00, 0x00, 0x00, 0x00, 0x00,
0xb6, 0x10, 0x00, 0x00, 0x00, 0x00, 0x00, 0x00,
0xcb, 0x10, 0x00, 0x00, 0x00, 0x00, 0x00, 0x00,
0xe0, 0x10, 0x00, 0x00, 0x00, 0x00, 0x00, 0x00,
0xf5, 0x10, 0x00, 0x00, 0x00, 0x00, 0x00, 0x00,
0x0a, 0x11, 0x00, 0x00, 0x00, 0x00, 0x00, 0x00,
0x1f, 0xfa, 0x0f, 0x00, 0x00, 0x00, 0x00, 0x00,
0x34, 0x06, 0x00, 0x00, 0x00, 0x00, 0x00, 0x00,
0x49, 0xee, 0x0f, 0x00, 0x00, 0x00, 0x00, 0x00,
0x5e, 0xee, 0x0f, 0x00, 0x00, 0x00, 0x00, 0x00,
0x73, 0xee, 0x0f, 0x00, 0x00, 0x00, 0x00, 0x00,
0x88, 0xee, 0x0f, 0x00, 0x00, 0x00, 0x00, 0x00,
0x9d, 0xee, 0x0f, 0x00, 0x00, 0x00, 0x00, 0x00,
0xb2, 0xee, 0x0f, 0x00, 0x00, 0x00, 0x00, 0x00,
0xc7, 0xde, 0x0f, 0x00, 0x00, 0x00, 0x00, 0x00,
0xdc, 0xf5, 0x0f, 0x00, 0x00, 0x00, 0x00, 0x00,
0xf1, 0x0d, 0x00, 0x00, 0x00, 0x00, 0x00, 0x00,
0x06, 0x0e, 0x00, 0x00, 0x00, 0x00, 0x00, 0x00,
0x1b, 0x0e, 0x00, 0x00, 0x00, 0x00, 0x00, 0x00,
0x30, 0x0e, 0x00, 0x00, 0x00, 0x00, 0x00, 0x00,
0x45, 0x0e, 0x00, 0x00, 0x00, 0x00, 0x00, 0x00,
0x5a, 0x0e, 0x00, 0x00, 0x00, 0x00, 0x00, 0x00,
0xaf, 0x1c, 0x00, 0x00, 0x00, 0x00, 0x00, 0x00,
0x36, 0x08, 0x00, 0x00, 0x00, 0x00, 0x00, 0x00,
0x49, 0xee, 0x0f, 0x00, 0x00, 0x00, 0x00, 0x00,
0x5e, 0xee, 0x0f, 0x00, 0x00, 0x00, 0x00, 0x00,
0x73, 0xee, 0x0f, 0x00, 0x00, 0x00, 0x00, 0x00,
0x88, 0xee, 0x0f, 0x00, 0x00, 0x00, 0x00, 0x00,
0x9d, 0xee, 0x0f, 0x00, 0x00, 0x00, 0x00, 0x00,
0xb2, 0xee, 0x0f, 0x00, 0x00, 0x00, 0x00, 0x00,
0xc7, 0xde, 0x0f, 0x00, 0x00, 0x00, 0x00, 0x00,
0xdc, 0xf5, 0x0f, 0x00, 0x00, 0x00, 0x00, 0x00,
0xf1, 0x0d, 0x00, 0x00, 0x00, 0x00, 0x00, 0x00,
0x06, 0x0e, 0x00, 0x00, 0x00, 0x00, 0x00, 0x00,
0x1b, 0x0e, 0x00, 0x00, 0x00, 0x00, 0x00, 0x00,
0x30, 0x0e, 0x00, 0x00, 0x00, 0x00, 0x00, 0x00,
0x45, 0x0e, 0x00, 0x00, 0x00, 0x00, 0x00, 0x00,
0x5a, 0x0e, 0x00, 0x00, 0x00, 0x00, 0x00, 0x00,
0x6f, 0x1c, 0x00, 0x00, 0x00, 0x00, 0x00, 0x00,
0x84, 0x2f, 0x00, 0x00, 0x00, 0x00, 0x00, 0x00,
0x99, 0x0d, 0x00, 0x00, 0x00, 0x00, 0x00, 0x00,
0xae, 0x0d, 0x00, 0x00, 0x00, 0x00, 0x00, 0x00,
0xc3, 0x0d, 0x00, 0x00, 0x00, 0x00, 0x00, 0x00,
0xd8, 0x0d, 0x00, 0x00, 0x00, 0x00, 0x00, 0x00,
0xed, 0x0d, 0x00, 0x00, 0x00, 0x00, 0x00, 0x00,
0x02, 0x0e, 0x00, 0x00, 0x00, 0x00, 0x00, 0x00,
0xe7, 0x0e, 0x00, 0x00, 0x00, 0x00, 0x00, 0x00,
0xa3, 0xc6, 0x0f, 0x00, 0x00, 0x00, 0x00, 0x00,
0x93, 0xc6, 0x0f, 0x00, 0x00, 0x00, 0x00, 0x00,
0x83, 0xc6, 0x0f, 0x00, 0x00, 0x00, 0x00, 0x00,
0x73, 0xc6, 0x0f, 0x00, 0x00, 0x00, 0x00, 0x00,
0x63, 0xc6, 0x0f, 0x00, 0x00, 0x00, 0x00, 0x00,
0x53, 0xc6, 0x0f, 0x00, 0x00, 0x00, 0x00, 0x00,
0x43, 0xc6, 0x0f, 0x00, 0x00, 0x00, 0x00, 0x00,
0x33, 0xc2, 0x0f, 0x00, 0x00, 0x00, 0x00, 0x00,
0x23, 0xb7, 0x0f, 0x00, 0x00, 0x00, 0x00, 0x00,
0x13, 0xbf, 0x0f, 0x00, 0x00, 0x00, 0x00, 0x00,
0x03, 0xbf, 0x0f, 0x00, 0x00, 0x00, 0x00, 0x00,
0xf3, 0xbe, 0x0f, 0x00, 0x00, 0x00, 0x00, 0x00,
0xe3, 0xbe, 0x0f, 0x00, 0x00, 0x00, 0x00, 0x00,
0xd3, 0xbe, 0x0f, 0x00, 0x00, 0x00, 0x00, 0x00,
0xc3, 0xbe, 0x0f, 0x00, 0x00, 0x00, 0x00, 0x00,
0x2b, 0xde, 0x0f, 0x00, 0x00, 0x00, 0x00, 0x00,
0xa5, 0xda, 0x0f, 0x00, 0x00, 0x00, 0x00, 0x00,
0x93, 0xc6, 0x0f, 0x00, 0x00, 0x00, 0x00, 0x00,
0x83, 0xc6, 0x0f, 0x00, 0x00, 0x00, 0x00, 0x00,
0x73, 0xc6, 0x0f, 0x00, 0x00, 0x00, 0x00, 0x00,
0x63, 0xc6, 0x0f, 0x00, 0x00, 0x00, 0x00, 0x00,
0x53, 0xc6, 0x0f, 0x00, 0x00, 0x00, 0x00, 0x00,
0x43, 0xc6, 0x0f, 0x00, 0x00, 0x00, 0x00, 0x00,
0x33, 0xc2, 0x0f, 0x00, 0x00, 0x00, 0x00, 0x00,
0x23, 0xb7, 0x0f, 0x00, 0x00, 0x00, 0x00, 0x00,
0x13, 0xbf, 0x0f, 0x00, 0x00, 0x00, 0x00, 0x00,
0x03, 0xbf, 0x0f, 0x00, 0x00, 0x00, 0x00, 0x00,
0xf3, 0xbe, 0x0f, 0x00, 0x00, 0x00, 0x00, 0x00,
0xe3, 0xbe, 0x0f, 0x00, 0x00, 0x00, 0x00, 0x00,
0xd3, 0xbe, 0x0f, 0x00, 0x00, 0x00, 0x00, 0x00,
0xc3, 0xbe, 0x0f, 0x00, 0x00, 0x00, 0x00, 0x00,
0xb3, 0xc4, 0x0f, 0x00, 0x00, 0x00, 0x00, 0x00,
0xa3, 0xd7, 0x0f, 0x00, 0x00, 0x00, 0x00, 0x00,
0x93, 0xe7, 0x0f, 0x00, 0x00, 0x00, 0x00, 0x00,
0x83, 0xe7, 0x0f, 0x00, 0x00, 0x00, 0x00, 0x00,
0x73, 0xe7, 0x0f, 0x00, 0x00, 0x00, 0x00, 0x00,
0x63, 0xe7, 0x0f, 0x00, 0x00, 0x00, 0x00, 0x00,
0x53, 0xe7, 0x0f, 0x00, 0x00, 0x00, 0x00, 0x00,
0x43, 0xe7, 0x0f, 0x00, 0x00, 0x00, 0x00, 0x00,
0x03, 0xfe, 0x0f, 0x00, 0x00, 0x00, 0x00, 0x00,
0x95, 0xcc, 0x0f, 0x00, 0x00, 0x00, 0x00, 0x00,
0x13, 0xbf, 0x0f, 0x00, 0x00, 0x00, 0x00, 0x00,
0x03, 0xbf, 0x0f, 0x00, 0x00, 0x00, 0x00, 0x00,
0xf3, 0xbe, 0x0f, 0x00, 0x00, 0x00, 0x00, 0x00,
0xe3, 0xbe, 0x0f, 0x00, 0x00, 0x00, 0x00, 0x00,
0xd3, 0xbe, 0x0f, 0x00, 0x00, 0x00, 0x00, 0x00,
0xc3, 0xbe, 0x0f, 0x00, 0x00, 0x00, 0x00, 0x00,
0xb3, 0xc4, 0x0f, 0x00, 0x00, 0x00, 0x00, 0x00,
0xa3, 0xd7, 0x0f, 0x00, 0x00, 0x00, 0x00, 0x00,
0x93, 0xe7, 0x0f, 0x00, 0x00, 0x00, 0x00, 0x00,
0x83, 0xe7, 0x0f, 0x00, 0x00, 0x00, 0x00, 0x00,
0x73, 0xe7, 0x0f, 0x00, 0x00, 0x00, 0x00, 0x00,
0x63, 0xe7, 0x0f, 0x00, 0x00, 0x00, 0x00, 0x00,
0x53, 0xe7, 0x0f, 0x00, 0x00, 0x00, 0x00, 0x00,
0x43, 0xe7, 0x0f, 0x00, 0x00, 0x00, 0x00, 0x00,
0x33, 0xdf, 0x0f, 0x00, 0x00, 0x00, 0x00, 0x00,
0x23, 0xc2, 0x0f, 0x00, 0x00, 0x00, 0x00, 0x00,
0x13, 0xd6, 0x0f, 0x00, 0x00, 0x00, 0x00, 0x00,
0x03, 0xd6, 0x0f, 0x00, 0x00, 0x00, 0x00, 0x00,
0xf3, 0xd5, 0x0f, 0x00, 0x00, 0x00, 0x00, 0x00,
0xe3, 0xd5, 0x0f, 0x00, 0x00, 0x00, 0x00, 0x00,
0xd3, 0xd5, 0x0f, 0x00, 0x00, 0x00, 0x00, 0x00,
0xc3, 0xd5, 0x0f, 0x00, 0x00, 0x00, 0x00, 0x00,
0xdb, 0xf1, 0x0f, 0x00, 0x00, 0x00, 0x00, 0x00,
0xbb, 0x06, 0x00, 0x00, 0x00, 0x00, 0x00, 0x00, 
0xb5, 0x1e, 0x00, 0x00, 0x00, 0x00, 0x00, 0x00,
0xe1, 0x1e, 0x00, 0x00, 0x00, 0x00, 0x00, 0x00,
0x0d, 0x1f, 0x00, 0x00, 0x00, 0x00, 0x00, 0x00,
0x39, 0x1f, 0x00, 0x00, 0x00, 0x00, 0x00, 0x00,
0x65, 0x1f, 0x00, 0x00, 0x00, 0x00, 0x00, 0x00,
0x91, 0x1f, 0x00, 0x00, 0x00, 0x00, 0x00, 0x00,
0xbd, 0x15, 0x00, 0x00, 0x00, 0x00, 0x00, 0x00,
0xe9, 0x0c, 0x00, 0x00, 0x00, 0x00, 0x00, 0x00,
0x15, 0x0f, 0x00, 0x00, 0x00, 0x00, 0x00, 0x00,
0x41, 0x0f, 0x00, 0x00, 0x00, 0x00, 0x00, 0x00,
0x6d, 0x0f, 0x00, 0x00, 0x00, 0x00, 0x00, 0x00,
0x99, 0x0f, 0x00, 0x00, 0x00, 0x00, 0x00, 0x00,
0xc5, 0x0f, 0x00, 0x00, 0x00, 0x00, 0x00, 0x00,
0xf1, 0x0f, 0x00, 0x00, 0x00, 0x00, 0x00, 0x00,
0x1d, 0x10, 0x00, 0x00, 0x00, 0x00, 0x00, 0x00,
0x49, 0x10, 0x00, 0x00, 0x00, 0x00, 0x00, 0x00,
0x75, 0x10, 0x00, 0x00, 0x00, 0x00, 0x00, 0x00,
0xa1, 0x10, 0x00, 0x00, 0x00, 0x00, 0x00, 0x00,
0xcd, 0x10, 0x00, 0x00, 0x00, 0x00, 0x00, 0x00,
0xf9, 0x10, 0x00, 0x00, 0x00, 0x00, 0x00, 0x00,
0x25, 0x11, 0x00, 0x00, 0x00, 0x00, 0x00, 0x00,
0x51, 0x11, 0x00, 0x00, 0x00, 0x00, 0x00, 0x00,
0x3d, 0x1c, 0x00, 0x00, 0x00, 0x00, 0x00, 0x00,
0x4b, 0xf5, 0x0f, 0x00, 0x00, 0x00, 0x00, 0x00,
0x15, 0x0f, 0x00, 0x00, 0x00, 0x00, 0x00, 0x00,
0x41, 0x0f, 0x00, 0x00, 0x00, 0x00, 0x00, 0x00,
0x6d, 0x0f, 0x00, 0x00, 0x00, 0x00, 0x00, 0x00,
0x99, 0x0f, 0x00, 0x00, 0x00, 0x00, 0x00, 0x00,
0xc5, 0x0f, 0x00, 0x00, 0x00, 0x00, 0x00, 0x00,
0xf1, 0x0f, 0x00, 0x00, 0x00, 0x00, 0x00, 0x00,
0x1d, 0x10, 0x00, 0x00, 0x00, 0x00, 0x00, 0x00,
0x49, 0x10, 0x00, 0x00, 0x00, 0x00, 0x00, 0x00,
0x75, 0x10, 0x00, 0x00, 0x00, 0x00, 0x00, 0x00,
0xa1, 0x10, 0x00, 0x00, 0x00, 0x00, 0x00, 0x00,
0xcd, 0x10, 0x00, 0x00, 0x00, 0x00, 0x00, 0x00,
0xf9, 0x10, 0x00, 0x00, 0x00, 0x00, 0x00, 0x00,
0x25, 0x11, 0x00, 0x00, 0x00, 0x00, 0x00, 0x00,
0x51, 0x11, 0x00, 0x00, 0x00, 0x00, 0x00, 0x00,
0x7d, 0x11, 0x00, 0x00, 0x00, 0x00, 0x00, 0x00,
0xa9, 0x11, 0x00, 0x00, 0x00, 0x00, 0x00, 0x00,
0xd5, 0x11, 0x00, 0x00, 0x00, 0x00, 0x00, 0x00,
0x01, 0x12, 0x00, 0x00, 0x00, 0x00, 0x00, 0x00,
0x2d, 0x12, 0x00, 0x00, 0x00, 0x00, 0x00, 0x00,
0x59, 0x12, 0x00, 0x00, 0x00, 0x00, 0x00, 0x00,
0x85, 0x12, 0x00, 0x00, 0x00, 0x00, 0x00, 0x00,
0xb1, 0x12, 0x00, 0x00, 0x00, 0x00, 0x00, 0x00,
0xc5, 0x1a, 0x00, 0x00, 0x00, 0x00, 0x00, 0x00,
0xdb, 0xf6, 0x0f, 0x00, 0x00, 0x00, 0x00, 0x00,
0x75, 0x10, 0x00, 0x00, 0x00, 0x00, 0x00, 0x00,
0xa1, 0x10, 0x00, 0x00, 0x00, 0x00, 0x00, 0x00,
0xcd, 0x10, 0x00, 0x00, 0x00, 0x00, 0x00, 0x00,
0xf9, 0x10, 0x00, 0x00, 0x00, 0x00, 0x00, 0x00,
0x25, 0x11, 0x00, 0x00, 0x00, 0x00, 0x00, 0x00,
0x51, 0x11, 0x00, 0x00, 0x00, 0x00, 0x00, 0x00,
0x7d, 0x11, 0x00, 0x00, 0x00, 0x00, 0x00, 0x00,
0xa9, 0x11, 0x00, 0x00, 0x00, 0x00, 0x00, 0x00,
0xd5, 0x11, 0x00, 0x00, 0x00, 0x00, 0x00, 0x00,
0x01, 0x12, 0x00, 0x00, 0x00, 0x00, 0x00, 0x00,
0x2d, 0x12, 0x00, 0x00, 0x00, 0x00, 0x00, 0x00,
0x59, 0x12, 0x00, 0x00, 0x00, 0x00, 0x00, 0x00,
0x85, 0x12, 0x00, 0x00, 0x00, 0x00, 0x00, 0x00,
0xb1, 0x12, 0x00, 0x00, 0x00, 0x00, 0x00, 0x00,
0xdd, 0x12, 0x00, 0x00, 0x00, 0x00, 0x00, 0x00,
0x6b, 0xe9, 0x0f, 0x00, 0x00, 0x00, 0x00, 0x00,
0x5b, 0xe7, 0x0f, 0x00, 0x00, 0x00, 0x00, 0x00,
0xff, 0xe6, 0x0f, 0x00, 0x00, 0x00, 0x00, 0x00,
0xa3, 0xe6, 0x0f, 0x00, 0x00, 0x00, 0x00, 0x00,
0x47, 0xe6, 0x0f, 0x00, 0x00, 0x00, 0x00, 0x00,
0xeb, 0xe5, 0x0f, 0x00, 0x00, 0x00, 0x00, 0x00,
0x8f, 0xe5, 0x0f, 0x00, 0x00, 0x00, 0x00, 0x00,
0x33, 0xd1, 0x0f, 0x00, 0x00, 0x00, 0x00, 0x00,
0xd7, 0xee, 0x0f, 0x00, 0x00, 0x00, 0x00, 0x00,
0x7b, 0x0b, 0x00, 0x00, 0x00, 0x00, 0x00, 0x00,
0x1f, 0x0b, 0x00, 0x00, 0x00, 0x00, 0x00, 0x00,
0xc3, 0x0a, 0x00, 0x00, 0x00, 0x00, 0x00, 0x00,
0x67, 0x0a, 0x00, 0x00, 0x00, 0x00, 0x00, 0x00,
0x0b, 0x0a, 0x00, 0x00, 0x00, 0x00, 0x00, 0x00,
0xaf, 0x09, 0x00, 0x00, 0x00, 0x00, 0x00, 0x00,
0x53, 0x09, 0x00, 0x00, 0x00, 0x00, 0x00, 0x00,
0xf7, 0x08, 0x00, 0x00, 0x00, 0x00, 0x00, 0x00,
0x9b, 0x08, 0x00, 0x00, 0x00, 0x00, 0x00, 0x00,
0x3f, 0x08, 0x00, 0x00, 0x00, 0x00, 0x00, 0x00,
0xe3, 0x07, 0x00, 0x00, 0x00, 0x00, 0x00, 0x00,
0x87, 0x07, 0x00, 0x00, 0x00, 0x00, 0x00, 0x00,
0x2b, 0x07, 0x00, 0x00, 0x00, 0x00, 0x00, 0x00,
0xcf, 0x06, 0x00, 0x00, 0x00, 0x00, 0x00, 0x00,
0x43, 0x07, 0x00, 0x00, 0x00, 0x00, 0x00, 0x00,
0x2b, 0xf2, 0x0f, 0x00, 0x00, 0x00, 0x00, 0x00,
0x7b, 0x0b, 0x00, 0x00, 0x00, 0x00, 0x00, 0x00,
0x1f, 0x0b, 0x00, 0x00, 0x00, 0x00, 0x00, 0x00,
0xc3, 0x0a, 0x00, 0x00, 0x00, 0x00, 0x00, 0x00,
0x67, 0x0a, 0x00, 0x00, 0x00, 0x00, 0x00, 0x00,
0x0b, 0x0a, 0x00, 0x00, 0x00, 0x00, 0x00, 0x00,
0xaf, 0x09, 0x00, 0x00, 0x00, 0x00, 0x00, 0x00,
0x53, 0x09, 0x00, 0x00, 0x00, 0x00, 0x00, 0x00,
0xf7, 0x08, 0x00, 0x00, 0x00, 0x00, 0x00, 0x00,
0x9b, 0x08, 0x00, 0x00, 0x00, 0x00, 0x00, 0x00,
0x3f, 0x08, 0x00, 0x00, 0x00, 0x00, 0x00, 0x00,
0xe3, 0x07, 0x00, 0x00, 0x00, 0x00, 0x00, 0x00,
0x87, 0x07, 0x00, 0x00, 0x00, 0x00, 0x00, 0x00,
0x2b, 0x07, 0x00, 0x00, 0x00, 0x00, 0x00, 0x00,
0xcf, 0x06, 0x00, 0x00, 0x00, 0x00, 0x00, 0x00,
0x73, 0x06, 0x00, 0x00, 0x00, 0x00, 0x00, 0x00,
0x17, 0x06, 0x00, 0x00, 0x00, 0x00, 0x00, 0x00,
0xbb, 0x05, 0x00, 0x00, 0x00, 0x00, 0x00, 0x00,
0x5f, 0x05, 0x00, 0x00, 0x00, 0x00, 0x00, 0x00,
0x03, 0x05, 0x00, 0x00, 0x00, 0x00, 0x00, 0x00,
0xa7, 0x04, 0x00, 0x00, 0x00, 0x00, 0x00, 0x00, 
0x4b, 0x04, 0x00, 0x00, 0x00, 0x00, 0x00, 0x00,
0xef, 0x03, 0x00, 0x00, 0x00, 0x00, 0x00, 0x00,
0x0b, 0x06, 0x00, 0x00, 0x00, 0x00, 0x00, 0x00,
0xeb, 0xf0, 0x0f, 0x00, 0x00, 0x00, 0x00, 0x00,
0x9b, 0x08, 0x00, 0x00, 0x00, 0x00, 0x00, 0x00,
0x3f, 0x08, 0x00, 0x00, 0x00, 0x00, 0x00, 0x00,
0xe3, 0x07, 0x00, 0x00, 0x00, 0x00, 0x00, 0x00,
0x87, 0x07, 0x00, 0x00, 0x00, 0x00, 0x00, 0x00,
0x2b, 0x07, 0x00, 0x00, 0x00, 0x00, 0x00, 0x00, 
0xcf, 0x06, 0x00, 0x00, 0x00, 0x00, 0x00, 0x00,
0x73, 0x06, 0x00, 0x00, 0x00, 0x00, 0x00, 0x00,
0x17, 0x06, 0x00, 0x00, 0x00, 0x00, 0x00, 0x00,
0xbb, 0x05, 0x00, 0x00, 0x00, 0x00, 0x00, 0x00,
0x5f, 0x05, 0x00, 0x00, 0x00, 0x00, 0x00, 0x00,
0x03, 0x05, 0x00, 0x00, 0x00, 0x00, 0x00, 0x00,
0xa7, 0x04, 0x00, 0x00, 0x00, 0x00, 0x00, 0x00,
0x4b, 0x04, 0x00, 0x00, 0x00, 0x00, 0x00, 0x00,
0xef, 0x03, 0x00, 0x00, 0x00, 0x00, 0x00, 0x00,
0x93, 0x03, 0x00, 0x00, 0x00, 0x00, 0x00, 0x00,
0x0e, 0x10, 0x00, 0x00, 0x00, 0x00, 0x00, 0x00,
0xf1, 0x0d, 0x00, 0x00, 0x00, 0x00, 0x00, 0x00,
0x06, 0x0e, 0x00, 0x00, 0x00, 0x00, 0x00, 0x00,
0x1b, 0x0e, 0x00, 0x00, 0x00, 0x00, 0x00, 0x00,
0x30, 0x0e, 0x00, 0x00, 0x00, 0x00, 0x00, 0x00,
0x45, 0x0e, 0x00, 0x00, 0x00, 0x00, 0x00, 0x00,
0x5a, 0x0e, 0x00, 0x00, 0x00, 0x00, 0x00, 0x00,
0x6f, 0x1c, 0x00, 0x00, 0x00, 0x00, 0x00, 0x00,
0x84, 0x2f, 0x00, 0x00, 0x00, 0x00, 0x00, 0x00,
0x99, 0x0d, 0x00, 0x00, 0x00, 0x00, 0x00, 0x00,
0xae, 0x0d, 0x00, 0x00, 0x00, 0x00, 0x00, 0x00,
0xc3, 0x0d, 0x00, 0x00, 0x00, 0x00, 0x00, 0x00,
0xd8, 0x0d, 0x00, 0x00, 0x00, 0x00, 0x00, 0x00,
0xed, 0x0d, 0x00, 0x00, 0x00, 0x00, 0x00, 0x00,
0x02, 0x0e, 0x00, 0x00, 0x00, 0x00, 0x00, 0x00,
0x17, 0x0e, 0x00, 0x00, 0x00, 0x00, 0x00, 0x00,
0x2c, 0x0e, 0x00, 0x00, 0x00, 0x00, 0x00, 0x00,
0x41, 0x0e, 0x00, 0x00, 0x00, 0x00, 0x00, 0x00,
0x56, 0x0e, 0x00, 0x00, 0x00, 0x00, 0x00, 0x00,
0x6b, 0x0e, 0x00, 0x00, 0x00, 0x00, 0x00, 0x00,
0x80, 0x0e, 0x00, 0x00, 0x00, 0x00, 0x00, 0x00,
0x95, 0x0e, 0x00, 0x00, 0x00, 0x00, 0x00, 0x00,
0xaa, 0x0e, 0x00, 0x00, 0x00, 0x00, 0x00, 0x00,
0x1f, 0x10, 0x00, 0x00, 0x00, 0x00, 0x00, 0x00,
0xe6, 0x31, 0x00, 0x00, 0x00, 0x00, 0x00, 0x00,
0x99, 0x0d, 0x00, 0x00, 0x00, 0x00, 0x00, 0x00,
0xae, 0x0d, 0x00, 0x00, 0x00, 0x00, 0x00, 0x00,
0xc3, 0x0d, 0x00, 0x00, 0x00, 0x00, 0x00, 0x00,
0xd8, 0x0d, 0x00, 0x00, 0x00, 0x00, 0x00, 0x00,
0xed, 0x0d, 0x00, 0x00, 0x00, 0x00, 0x00, 0x00,
0x02, 0x0e, 0x00, 0x00, 0x00, 0x00, 0x00, 0x00,
0x17, 0x0e, 0x00, 0x00, 0x00, 0x00, 0x00, 0x00,
0x2c, 0x0e, 0x00, 0x00, 0x00, 0x00, 0x00, 0x00,
0x41, 0x0e, 0x00, 0x00, 0x00, 0x00, 0x00, 0x00,
0x56, 0x0e, 0x00, 0x00, 0x00, 0x00, 0x00, 0x00,
0x6b, 0x0e, 0x00, 0x00, 0x00, 0x00, 0x00, 0x00,
0x80, 0x0e, 0x00, 0x00, 0x00, 0x00, 0x00, 0x00,
0x95, 0x0e, 0x00, 0x00, 0x00, 0x00, 0x00, 0x00,
0xaa, 0x0e, 0x00, 0x00, 0x00, 0x00, 0x00, 0x00,
0xbf, 0x0e, 0x00, 0x00, 0x00, 0x00, 0x00, 0x00,
0xd4, 0x0e, 0x00, 0x00, 0x00, 0x00, 0x00, 0x00,
0xe9, 0x0e, 0x00, 0x00, 0x00, 0x00, 0x00, 0x00,
0xfe, 0x0e, 0x00, 0x00, 0x00, 0x00, 0x00, 0x00,
0x13, 0x0f, 0x00, 0x00, 0x00, 0x00, 0x00, 0x00,
0x28, 0x0f, 0x00, 0x00, 0x00, 0x00, 0x00, 0x00,
0x3d, 0x0f, 0x00, 0x00, 0x00, 0x00, 0x00, 0x00,
0x52, 0x0f, 0x00, 0x00, 0x00, 0x00, 0x00, 0x00,
0x57, 0x11, 0x00, 0x00, 0x00, 0x00, 0x00, 0x00,
0xbe, 0x32, 0x00, 0x00, 0x00, 0x00, 0x00, 0x00,
0x41, 0x0e, 0x00, 0x00, 0x00, 0x00, 0x00, 0x00,
0x56, 0x0e, 0x00, 0x00, 0x00, 0x00, 0x00, 0x00,
0x6b, 0x0e, 0x00, 0x00, 0x00, 0x00, 0x00, 0x00,
0x80, 0x0e, 0x00, 0x00, 0x00, 0x00, 0x00, 0x00,
0x95, 0x0e, 0x00, 0x00, 0x00, 0x00, 0x00, 0x00,
0xaa, 0x0e, 0x00, 0x00, 0x00, 0x00, 0x00, 0x00,
0xbf, 0x0e, 0x00, 0x00, 0x00, 0x00, 0x00, 0x00,
0xd4, 0x0e, 0x00, 0x00, 0x00, 0x00, 0x00, 0x00,
0xe9, 0x0e, 0x00, 0x00, 0x00, 0x00, 0x00, 0x00,
0xfe, 0x0e, 0x00, 0x00, 0x00, 0x00, 0x00, 0x00,
0x13, 0x0f, 0x00, 0x00, 0x00, 0x00, 0x00, 0x00,
0x28, 0x0f, 0x00, 0x00, 0x00, 0x00, 0x00, 0x00,
0x3d, 0x0f, 0x00, 0x00, 0x00, 0x00, 0x00, 0x00,
0x52, 0x0f, 0x00, 0x00, 0x00, 0x00, 0x00, 0x00,
0x67, 0x0f, 0x00, 0x00, 0x00, 0x00, 0x00, 0x00,
0x85, 0xe6, 0x0f, 0x00, 0x00, 0x00, 0x00, 0x00,
0x93, 0xe7, 0x0f, 0x00, 0x00, 0x00, 0x00, 0x00,
0x83, 0xe7, 0x0f, 0x00, 0x00, 0x00, 0x00, 0x00,
0x73, 0xe7, 0x0f, 0x00, 0x00, 0x00, 0x00, 0x00,
0x63, 0xe7, 0x0f, 0x00, 0x00, 0x00, 0x00, 0x00,
0x53, 0xe7, 0x0f, 0x00, 0x00, 0x00, 0x00, 0x00,
0x43, 0xe7, 0x0f, 0x00, 0x00, 0x00, 0x00, 0x00,
0x33, 0xdf, 0x0f, 0x00, 0x00, 0x00, 0x00, 0x00,
0x23, 0xc2, 0x0f, 0x00, 0x00, 0x00, 0x00, 0x00,
0x13, 0xd6, 0x0f, 0x00, 0x00, 0x00, 0x00, 0x00,
0x03, 0xd6, 0x0f, 0x00, 0x00, 0x00, 0x00, 0x00,
0xf3, 0xd5, 0x0f, 0x00, 0x00, 0x00, 0x00, 0x00,
0xe3, 0xd5, 0x0f, 0x00, 0x00, 0x00, 0x00, 0x00,
0xd3, 0xd5, 0x0f, 0x00, 0x00, 0x00, 0x00, 0x00,
0xc3, 0xd5, 0x0f, 0x00, 0x00, 0x00, 0x00, 0x00,
0xb3, 0xd5, 0x0f, 0x00, 0x00, 0x00, 0x00, 0x00,
0xa3, 0xd5, 0x0f, 0x00, 0x00, 0x00, 0x00, 0x00,
0x93, 0xd5, 0x0f, 0x00, 0x00, 0x00, 0x00, 0x00,
0x83, 0xd5, 0x0f, 0x00, 0x00, 0x00, 0x00, 0x00,
0x73, 0xd5, 0x0f, 0x00, 0x00, 0x00, 0x00, 0x00,
0x63, 0xd5, 0x0f, 0x00, 0x00, 0x00, 0x00, 0x00,
0x53, 0xd5, 0x0f, 0x00, 0x00, 0x00, 0x00, 0x00,
0x43, 0xd5, 0x0f, 0x00, 0x00, 0x00, 0x00, 0x00,
0xb3, 0xee, 0x0f, 0x00, 0x00, 0x00, 0x00, 0x00,
0x75, 0xc2, 0x0f, 0x00, 0x00, 0x00, 0x00, 0x00,
0x13, 0xd6, 0x0f, 0x00, 0x00, 0x00, 0x00, 0x00,
0x03, 0xd6, 0x0f, 0x00, 0x00, 0x00, 0x00, 0x00,
0xf3, 0xd5, 0x0f, 0x00, 0x00, 0x00, 0x00, 0x00,
0xe3, 0xd5, 0x0f, 0x00, 0x00, 0x00, 0x00, 0x00,
0xd3, 0xd5, 0x0f, 0x00, 0x00, 0x00, 0x00, 0x00,
0xc3, 0xd5, 0x0f, 0x00, 0x00, 0x00, 0x00, 0x00,
0xb3, 0xd5, 0x0f, 0x00, 0x00, 0x00, 0x00, 0x00,
0xa3, 0xd5, 0x0f, 0x00, 0x00, 0x00, 0x00, 0x00,
0x93, 0xd5, 0x0f, 0x00, 0x00, 0x00, 0x00, 0x00,
0x83, 0xd5, 0x0f, 0x00, 0x00, 0x00, 0x00, 0x00,
0x73, 0xd5, 0x0f, 0x00, 0x00, 0x00, 0x00, 0x00,
0x63, 0xd5, 0x0f, 0x00, 0x00, 0x00, 0x00, 0x00,
0x53, 0xd5, 0x0f, 0x00, 0x00, 0x00, 0x00, 0x00,
0x43, 0xd5, 0x0f, 0x00, 0x00, 0x00, 0x00, 0x00,
0x33, 0xd5, 0x0f, 0x00, 0x00, 0x00, 0x00, 0x00,
0x23, 0xd5, 0x0f, 0x00, 0x00, 0x00, 0x00, 0x00,
0x13, 0xd5, 0x0f, 0x00, 0x00, 0x00, 0x00, 0x00,
0x03, 0xd5, 0x0f, 0x00, 0x00, 0x00, 0x00, 0x00,
0xf3, 0xd4, 0x0f, 0x00, 0x00, 0x00, 0x00, 0x00,
0xe3, 0xd4, 0x0f, 0x00, 0x00, 0x00, 0x00, 0x00,
0xd3, 0xd4, 0x0f, 0x00, 0x00, 0x00, 0x00, 0x00,
0xc3, 0xd4, 0x0f, 0x00, 0x00, 0x00, 0x00, 0x00,
0x8b, 0xeb, 0x0f, 0x00, 0x00, 0x00, 0x00, 0x00,
0x65, 0xc3, 0x0f, 0x00, 0x00, 0x00, 0x00, 0x00,
0x93, 0xd5, 0x0f, 0x00, 0x00, 0x00, 0x00, 0x00,
0x83, 0xd5, 0x0f, 0x00, 0x00, 0x00, 0x00, 0x00,
0x73, 0xd5, 0x0f, 0x00, 0x00, 0x00, 0x00, 0x00,
0x63, 0xd5, 0x0f, 0x00, 0x00, 0x00, 0x00, 0x00,
0x53, 0xd5, 0x0f, 0x00, 0x00, 0x00, 0x00, 0x00,
0x43, 0xd5, 0x0f, 0x00, 0x00, 0x00, 0x00, 0x00,
0x33, 0xd5, 0x0f, 0x00, 0x00, 0x00, 0x00, 0x00,
0x23, 0xd5, 0x0f, 0x00, 0x00, 0x00, 0x00, 0x00,
0x13, 0xd5, 0x0f, 0x00, 0x00, 0x00, 0x00, 0x00,
0x03, 0xd5, 0x0f, 0x00, 0x00, 0x00, 0x00, 0x00,
0xf3, 0xd4, 0x0f, 0x00, 0x00, 0x00, 0x00, 0x00,
0xe3, 0xd4, 0x0f, 0x00, 0x00, 0x00, 0x00, 0x00,
0xd3, 0xd4, 0x0f, 0x00, 0x00, 0x00, 0x00, 0x00,
0xc3, 0xd4, 0x0f, 0x00, 0x00, 0x00, 0x00, 0x00,
0xb3, 0xd4, 0x0f, 0x00, 0x00, 0x00, 0x00, 0x00,
0x09, 0x13, 0x00, 0x00, 0x00, 0x00, 0x00, 0x00,
0x35, 0x13, 0x00, 0x00, 0x00, 0x00, 0x00, 0x00,
0x61, 0x13, 0x00, 0x00, 0x00, 0x00, 0x00, 0x00,
0x8d, 0x13, 0x00, 0x00, 0x00, 0x00, 0x00, 0x00,
0xb9, 0x13, 0x00, 0x00, 0x00, 0x00, 0x00, 0x00,
0xe5, 0x13, 0x00, 0x00, 0x00, 0x00, 0x00, 0x00,
0x11, 0x14, 0x00, 0x00, 0x00, 0x00, 0x00, 0x00,
0x4d, 0x19, 0x00, 0x00, 0x00, 0x00, 0x00, 0x00,
0x6b, 0xf8, 0x0f, 0x00, 0x00, 0x00, 0x00, 0x00,
0xd5, 0x11, 0x00, 0x00, 0x00, 0x00, 0x00, 0x00,
0x01, 0x12, 0x00, 0x00, 0x00, 0x00, 0x00, 0x00,
0x2d, 0x12, 0x00, 0x00, 0x00, 0x00, 0x00, 0x00,
0x59, 0x12, 0x00, 0x00, 0x00, 0x00, 0x00, 0x00,
0x85, 0x12, 0x00, 0x00, 0x00, 0x00, 0x00, 0x00,
0xb1, 0x12, 0x00, 0x00, 0x00, 0x00, 0x00, 0x00,
0xdd, 0x12, 0x00, 0x00, 0x00, 0x00, 0x00, 0x00,
0x09, 0x13, 0x00, 0x00, 0x00, 0x00, 0x00, 0x00,
0x35, 0x13, 0x00, 0x00, 0x00, 0x00, 0x00, 0x00,
0x61, 0x13, 0x00, 0x00, 0x00, 0x00, 0x00, 0x00,
0x8d, 0x13, 0x00, 0x00, 0x00, 0x00, 0x00, 0x00,
0xb9, 0x13, 0x00, 0x00, 0x00, 0x00, 0x00, 0x00,
0xe5, 0x13, 0x00, 0x00, 0x00, 0x00, 0x00, 0x00,
0x11, 0x14, 0x00, 0x00, 0x00, 0x00, 0x00, 0x00,
0x3d, 0x14, 0x00, 0x00, 0x00, 0x00, 0x00, 0x00,
0x69, 0x14, 0x00, 0x00, 0x00, 0x00, 0x00, 0x00,
0x95, 0x14, 0x00, 0x00, 0x00, 0x00, 0x00, 0x00,
0xc1, 0x14, 0x00, 0x00, 0x00, 0x00, 0x00, 0x00,
0xed, 0x14, 0x00, 0x00, 0x00, 0x00, 0x00, 0x00,
0x19, 0x15, 0x00, 0x00, 0x00, 0x00, 0x00, 0x00,
0x45, 0x15, 0x00, 0x00, 0x00, 0x00, 0x00, 0x00,
0x71, 0x15, 0x00, 0x00, 0x00, 0x00, 0x00, 0x00,
0xd5, 0x17, 0x00, 0x00, 0x00, 0x00, 0x00, 0x00,
0xfb, 0xf9, 0x0f, 0x00, 0x00, 0x00, 0x00, 0x00,
0x35, 0x13, 0x00, 0x00, 0x00, 0x00, 0x00, 0x00,
0x61, 0x13, 0x00, 0x00, 0x00, 0x00, 0x00, 0x00,
0x8d, 0x13, 0x00, 0x00, 0x00, 0x00, 0x00, 0x00,
0xb9, 0x13, 0x00, 0x00, 0x00, 0x00, 0x00, 0x00,
0xe5, 0x13, 0x00, 0x00, 0x00, 0x00, 0x00, 0x00,
0x11, 0x14, 0x00, 0x00, 0x00, 0x00, 0x00, 0x00,
0x3d, 0x14, 0x00, 0x00, 0x00, 0x00, 0x00, 0x00,
0x69, 0x14, 0x00, 0x00, 0x00, 0x00, 0x00, 0x00,
0x95, 0x14, 0x00, 0x00, 0x00, 0x00, 0x00, 0x00,
0xc1, 0x14, 0x00, 0x00, 0x00, 0x00, 0x00, 0x00,
0xed, 0x14, 0x00, 0x00, 0x00, 0x00, 0x00, 0x00,
0x19, 0x15, 0x00, 0x00, 0x00, 0x00, 0x00, 0x00,
0x45, 0x15, 0x00, 0x00, 0x00, 0x00, 0x00, 0x00,
0x71, 0x15, 0x00, 0x00, 0x00, 0x00, 0x00, 0x00,
0x9d, 0x15, 0x00, 0x00, 0x00, 0x00, 0x00, 0x00,
0xc9, 0x15, 0x00, 0x00, 0x00, 0x00, 0x00, 0x00,
0xf5, 0x15, 0x00, 0x00, 0x00, 0x00, 0x00, 0x00,
0x21, 0x16, 0x00, 0x00, 0x00, 0x00, 0x00, 0x00,
0x4d, 0x16, 0x00, 0x00, 0x00, 0x00, 0x00, 0x00,
0x79, 0x16, 0x00, 0x00, 0x00, 0x00, 0x00, 0x00,
0xa5, 0x16, 0x00, 0x00, 0x00, 0x00, 0x00, 0x00,
0xd1, 0x16, 0x00, 0x00, 0x00, 0x00, 0x00, 0x00,
0x5d, 0x16, 0x00, 0x00, 0x00, 0x00, 0x00, 0x00,
0x8b, 0xfb, 0x0f, 0x00, 0x00, 0x00, 0x00, 0x00,
0x95, 0x14, 0x00, 0x00, 0x00, 0x00, 0x00, 0x00,
0xc1, 0x14, 0x00, 0x00, 0x00, 0x00, 0x00, 0x00,
0xed, 0x14, 0x00, 0x00, 0x00, 0x00, 0x00, 0x00,
0x19, 0x15, 0x00, 0x00, 0x00, 0x00, 0x00, 0x00,
0x45, 0x15, 0x00, 0x00, 0x00, 0x00, 0x00, 0x00,
0x71, 0x15, 0x00, 0x00, 0x00, 0x00, 0x00, 0x00,
0x9d, 0x15, 0x00, 0x00, 0x00, 0x00, 0x00, 0x00,
0x37, 0x03, 0x00, 0x00, 0x00, 0x00, 0x00, 0x00,
0xdb, 0x02, 0x00, 0x00, 0x00, 0x00, 0x00, 0x00,
0x7f, 0x02, 0x00, 0x00, 0x00, 0x00, 0x00, 0x00,
0x23, 0x02, 0x00, 0x00, 0x00, 0x00, 0x00, 0x00,
0xc7, 0x01, 0x00, 0x00, 0x00, 0x00, 0x00, 0x00,
0x6b, 0x01, 0x00, 0x00, 0x00, 0x00, 0x00, 0x00,
0x0f, 0x01, 0x00, 0x00, 0x00, 0x00, 0x00, 0x00,
0xd3, 0x04, 0x00, 0x00, 0x00, 0x00, 0x00, 0x00,
0xab, 0xef, 0x0f, 0x00, 0x00, 0x00, 0x00, 0x00,
0xbb, 0x05, 0x00, 0x00, 0x00, 0x00, 0x00, 0x00,
0x5f, 0x05, 0x00, 0x00, 0x00, 0x00, 0x00, 0x00,
0x03, 0x05, 0x00, 0x00, 0x00, 0x00, 0x00, 0x00,
0xa7, 0x04, 0x00, 0x00, 0x00, 0x00, 0x00, 0x00,
0x4b, 0x04, 0x00, 0x00, 0x00, 0x00, 0x00, 0x00, 
0xef, 0x03, 0x00, 0x00, 0x00, 0x00, 0x00, 0x00,
0x93, 0x03, 0x00, 0x00, 0x00, 0x00, 0x00, 0x00,
0x37, 0x03, 0x00, 0x00, 0x00, 0x00, 0x00, 0x00,
0xdb, 0x02, 0x00, 0x00, 0x00, 0x00, 0x00, 0x00,
0x7f, 0x02, 0x00, 0x00, 0x00, 0x00, 0x00, 0x00,
0x23, 0x02, 0x00, 0x00, 0x00, 0x00, 0x00, 0x00,
0xc7, 0x01, 0x00, 0x00, 0x00, 0x00, 0x00, 0x00,
0x6b, 0x01, 0x00, 0x00, 0x00, 0x00, 0x00, 0x00,
0x0f, 0x01, 0x00, 0x00, 0x00, 0x00, 0x00, 0x00,
0xb3, 0x00, 0x00, 0x00, 0x00, 0x00, 0x00, 0x00,
0x57, 0x00, 0x00, 0x00, 0x00, 0x00, 0x00, 0x00,
0xfb, 0xff, 0x0f, 0x00, 0x00, 0x00, 0x00, 0x00,
0x9f, 0xff, 0x0f, 0x00, 0x00, 0x00, 0x00, 0x00,
0x43, 0xff, 0x0f, 0x00, 0x00, 0x00, 0x00, 0x00,
0xe7, 0xfe, 0x0f, 0x00, 0x00, 0x00, 0x00, 0x00,
0x8b, 0xfe, 0x0f, 0x00, 0x00, 0x00, 0x00, 0x00,
0x2f, 0xfe, 0x0f, 0x00, 0x00, 0x00, 0x00, 0x00,
0x9b, 0x03, 0x00, 0x00, 0x00, 0x00, 0x00, 0x00,
0x6b, 0xee, 0x0f, 0x00, 0x00, 0x00, 0x00, 0x00,
0xdb, 0x02, 0x00, 0x00, 0x00, 0x00, 0x00, 0x00,
0x7f, 0x02, 0x00, 0x00, 0x00, 0x00, 0x00, 0x00,
0x23, 0x02, 0x00, 0x00, 0x00, 0x00, 0x00, 0x00,
0xc7, 0x01, 0x00, 0x00, 0x00, 0x00, 0x00, 0x00, 
0x6b, 0x01, 0x00, 0x00, 0x00, 0x00, 0x00, 0x00,
0x0f, 0x01, 0x00, 0x00, 0x00, 0x00, 0x00, 0x00,
0xb3, 0x00, 0x00, 0x00, 0x00, 0x00, 0x00, 0x00,
0x57, 0x00, 0x00, 0x00, 0x00, 0x00, 0x00, 0x00,
0xfb, 0xff, 0x0f, 0x00, 0x00, 0x00, 0x00, 0x00,
0x9f, 0xff, 0x0f, 0x00, 0x00, 0x00, 0x00, 0x00,
0x43, 0xff, 0x0f, 0x00, 0x00, 0x00, 0x00, 0x00,
0xe7, 0xfe, 0x0f, 0x00, 0x00, 0x00, 0x00, 0x00,
0x8b, 0xfe, 0x0f, 0x00, 0x00, 0x00, 0x00, 0x00,
0x2f, 0xfe, 0x0f, 0x00, 0x00, 0x00, 0x00, 0x00,
0xd3, 0xfd, 0x0f, 0x00, 0x00, 0x00, 0x00, 0x00,
0x77, 0xfd, 0x0f, 0x00, 0x00, 0x00, 0x00, 0x00,
0x1b, 0xfd, 0x0f, 0x00, 0x00, 0x00, 0x00, 0x00,
0xbf, 0xfc, 0x0f, 0x00, 0x00, 0x00, 0x00, 0x00,
0x63, 0xfc, 0x0f, 0x00, 0x00, 0x00, 0x00, 0x00,
0x07, 0xfc, 0x0f, 0x00, 0x00, 0x00, 0x00, 0x00,
0xab, 0xfb, 0x0f, 0x00, 0x00, 0x00, 0x00, 0x00,
0x4f, 0xfb, 0x0f, 0x00, 0x00, 0x00, 0x00, 0x00,
0x63, 0x02, 0x00, 0x00, 0x00, 0x00, 0x00, 0x00,
0x2b, 0xed, 0x0f, 0x00, 0x00, 0x00, 0x00, 0x00,
0xfb, 0xff, 0x0f, 0x00, 0x00, 0x00, 0x00, 0x00,
0x9f, 0xff, 0x0f, 0x00, 0x00, 0x00, 0x00, 0x00,
0x43, 0xff, 0x0f, 0x00, 0x00, 0x00, 0x00, 0x00,
0xe7, 0xfe, 0x0f, 0x00, 0x00, 0x00, 0x00, 0x00,
0x8b, 0xfe, 0x0f, 0x00, 0x00, 0x00, 0x00, 0x00,
0x2f, 0xfe, 0x0f, 0x00, 0x00, 0x00, 0x00, 0x00,
0xd3, 0xfd, 0x0f, 0x00, 0x00, 0x00, 0x00, 0x00,
0x7c, 0x0f, 0x00, 0x00, 0x00, 0x00, 0x00, 0x00,
0x91, 0x0f, 0x00, 0x00, 0x00, 0x00, 0x00, 0x00,
0xa6, 0x0f, 0x00, 0x00, 0x00, 0x00, 0x00, 0x00,
0xbb, 0x0f, 0x00, 0x00, 0x00, 0x00, 0x00, 0x00,
0xd0, 0x0f, 0x00, 0x00, 0x00, 0x00, 0x00, 0x00,
0xe5, 0x0f, 0x00, 0x00, 0x00, 0x00, 0x00, 0x00,
0xfa, 0x0f, 0x00, 0x00, 0x00, 0x00, 0x00, 0x00,
0x8f, 0x12, 0x00, 0x00, 0x00, 0x00, 0x00, 0x00,
0x96, 0x33, 0x00, 0x00, 0x00, 0x00, 0x00, 0x00,
0xe9, 0x0e, 0x00, 0x00, 0x00, 0x00, 0x00, 0x00,
0xfe, 0x0e, 0x00, 0x00, 0x00, 0x00, 0x00, 0x00,
0x13, 0x0f, 0x00, 0x00, 0x00, 0x00, 0x00, 0x00,
0x28, 0x0f, 0x00, 0x00, 0x00, 0x00, 0x00, 0x00,
0x3d, 0x0f, 0x00, 0x00, 0x00, 0x00, 0x00, 0x00,
0x52, 0x0f, 0x00, 0x00, 0x00, 0x00, 0x00, 0x00,
0x67, 0x0f, 0x00, 0x00, 0x00, 0x00, 0x00, 0x00,
0x7c, 0x0f, 0x00, 0x00, 0x00, 0x00, 0x00, 0x00,
0x91, 0x0f, 0x00, 0x00, 0x00, 0x00, 0x00, 0x00,
0xa6, 0x0f, 0x00, 0x00, 0x00, 0x00, 0x00, 0x00,
0xbb, 0x0f, 0x00, 0x00, 0x00, 0x00, 0x00, 0x00,
0xd0, 0x0f, 0x00, 0x00, 0x00, 0x00, 0x00, 0x00,
0xe5, 0x0f, 0x00, 0x00, 0x00, 0x00, 0x00, 0x00,
0xfa, 0x0f, 0x00, 0x00, 0x00, 0x00, 0x00, 0x00,
0x0f, 0x10, 0x00, 0x00, 0x00, 0x00, 0x00, 0x00,
0x24, 0x10, 0x00, 0x00, 0x00, 0x00, 0x00, 0x00,
0x39, 0x10, 0x00, 0x00, 0x00, 0x00, 0x00, 0x00,
0x4e, 0x10, 0x00, 0x00, 0x00, 0x00, 0x00, 0x00,
0x63, 0x10, 0x00, 0x00, 0x00, 0x00, 0x00, 0x00,
0x78, 0x10, 0x00, 0x00, 0x00, 0x00, 0x00, 0x00,
0x8d, 0x10, 0x00, 0x00, 0x00, 0x00, 0x00, 0x00,
0xa2, 0x10, 0x00, 0x00, 0x00, 0x00, 0x00, 0x00,
0xc7, 0x13, 0x00, 0x00, 0x00, 0x00, 0x00, 0x00,
0x6e, 0x34, 0x00, 0x00, 0x00, 0x00, 0x00, 0x00,
0x91, 0x0f, 0x00, 0x00, 0x00, 0x00, 0x00, 0x00,
0xa6, 0x0f, 0x00, 0x00, 0x00, 0x00, 0x00, 0x00,
0xbb, 0x0f, 0x00, 0x00, 0x00, 0x00, 0x00, 0x00,
0xd0, 0x0f, 0x00, 0x00, 0x00, 0x00, 0x00, 0x00,
0xe5, 0x0f, 0x00, 0x00, 0x00, 0x00, 0x00, 0x00,
0xfa, 0x0f, 0x00, 0x00, 0x00, 0x00, 0x00, 0x00,
0x0f, 0x10, 0x00, 0x00, 0x00, 0x00, 0x00, 0x00,
0x24, 0x10, 0x00, 0x00, 0x00, 0x00, 0x00, 0x00,
0x39, 0x10, 0x00, 0x00, 0x00, 0x00, 0x00, 0x00,
0x4e, 0x10, 0x00, 0x00, 0x00, 0x00, 0x00, 0x00,
0x63, 0x10, 0x00, 0x00, 0x00, 0x00, 0x00, 0x00,
0x78, 0x10, 0x00, 0x00, 0x00, 0x00, 0x00, 0x00,
0x8d, 0x10, 0x00, 0x00, 0x00, 0x00, 0x00, 0x00,
0xa2, 0x10, 0x00, 0x00, 0x00, 0x00, 0x00, 0x00,
0xb7, 0x10, 0x00, 0x00, 0x00, 0x00, 0x00, 0x00,
0xcc, 0x10, 0x00, 0x00, 0x00, 0x00, 0x00, 0x00,
0xe1, 0x10, 0x00, 0x00, 0x00, 0x00, 0x00, 0x00,
0xf6, 0x10, 0x00, 0x00, 0x00, 0x00, 0x00, 0x00,
0x0b, 0x11, 0x00, 0x00, 0x00, 0x00, 0x00, 0x00,
0x20, 0x11, 0x00, 0x00, 0x00, 0x00, 0x00, 0x00,
0x35, 0x11, 0x00, 0x00, 0x00, 0x00, 0x00, 0x00,
0x4a, 0x11, 0x00, 0x00, 0x00, 0x00, 0x00, 0x00,
0xff, 0x14, 0x00, 0x00, 0x00, 0x00, 0x00, 0x00,
0x46, 0x35, 0x00, 0x00, 0x00, 0x00, 0x00, 0x00,
0x39, 0x10, 0x00, 0x00, 0x00, 0x00, 0x00, 0x00,
0x4e, 0x10, 0x00, 0x00, 0x00, 0x00, 0x00, 0x00,
0x63, 0x10, 0x00, 0x00, 0x00, 0x00, 0x00, 0x00,
0x78, 0x10, 0x00, 0x00, 0x00, 0x00, 0x00, 0x00,
0x8d, 0x10, 0x00, 0x00, 0x00, 0x00, 0x00, 0x00,
0xa2, 0x10, 0x00, 0x00, 0x00, 0x00, 0x00, 0x00,
0xb7, 0x10, 0x00, 0x00, 0x00, 0x00, 0x00, 0x00,
0xa3, 0xd4, 0x0f, 0x00, 0x00, 0x00, 0x00, 0x00,
0x93, 0xd4, 0x0f, 0x00, 0x00, 0x00, 0x00, 0x00,
0x83, 0xd4, 0x0f, 0x00, 0x00, 0x00, 0x00, 0x00,
0x73, 0xd4, 0x0f, 0x00, 0x00, 0x00, 0x00, 0x00,
0x63, 0xd4, 0x0f, 0x00, 0x00, 0x00, 0x00, 0x00,
0x53, 0xd4, 0x0f, 0x00, 0x00, 0x00, 0x00, 0x00,
0x43, 0xd4, 0x0f, 0x00, 0x00, 0x00, 0x00, 0x00,
0x63, 0xe8, 0x0f, 0x00, 0x00, 0x00, 0x00, 0x00,
0x55, 0xc4, 0x0f, 0x00, 0x00, 0x00, 0x00, 0x00,
0x13, 0xd5, 0x0f, 0x00, 0x00, 0x00, 0x00, 0x00,
0x03, 0xd5, 0x0f, 0x00, 0x00, 0x00, 0x00, 0x00,
0xf3, 0xd4, 0x0f, 0x00, 0x00, 0x00, 0x00, 0x00,
0xe3, 0xd4, 0x0f, 0x00, 0x00, 0x00, 0x00, 0x00,
0xd3, 0xd4, 0x0f, 0x00, 0x00, 0x00, 0x00, 0x00,
0xc3, 0xd4, 0x0f, 0x00, 0x00, 0x00, 0x00, 0x00,
0xb3, 0xd4, 0x0f, 0x00, 0x00, 0x00, 0x00, 0x00,
0xa3, 0xd4, 0x0f, 0x00, 0x00, 0x00, 0x00, 0x00,
0x93, 0xd4, 0x0f, 0x00, 0x00, 0x00, 0x00, 0x00,
0x83, 0xd4, 0x0f, 0x00, 0x00, 0x00, 0x00, 0x00,
0x73, 0xd4, 0x0f, 0x00, 0x00, 0x00, 0x00, 0x00,
0x63, 0xd4, 0x0f, 0x00, 0x00, 0x00, 0x00, 0x00,
0x53, 0xd4, 0x0f, 0x00, 0x00, 0x00, 0x00, 0x00,
0x43, 0xd4, 0x0f, 0x00, 0x00, 0x00, 0x00, 0x00,
0x33, 0xd4, 0x0f, 0x00, 0x00, 0x00, 0x00, 0x00,
0x23, 0xd4, 0x0f, 0x00, 0x00, 0x00, 0x00, 0x00,
0x13, 0xd4, 0x0f, 0x00, 0x00, 0x00, 0x00, 0x00,
0x03, 0xd4, 0x0f, 0x00, 0x00, 0x00, 0x00, 0x00,
0xf3, 0xd3, 0x0f, 0x00, 0x00, 0x00, 0x00, 0x00,
0xe3, 0xd3, 0x0f, 0x00, 0x00, 0x00, 0x00, 0x00,
0xd3, 0xd3, 0x0f, 0x00, 0x00, 0x00, 0x00, 0x00,
0xc3, 0xd3, 0x0f, 0x00, 0x00, 0x00, 0x00, 0x00,
0x3b, 0xe5, 0x0f, 0x00, 0x00, 0x00, 0x00, 0x00,
0x45, 0xc5, 0x0f, 0x00, 0x00, 0x00, 0x00, 0x00,
0x93, 0xd4, 0x0f, 0x00, 0x00, 0x00, 0x00, 0x00,
0x83, 0xd4, 0x0f, 0x00, 0x00, 0x00, 0x00, 0x00,
0x73, 0xd4, 0x0f, 0x00, 0x00, 0x00, 0x00, 0x00,
0x63, 0xd4, 0x0f, 0x00, 0x00, 0x00, 0x00, 0x00,
0x53, 0xd4, 0x0f, 0x00, 0x00, 0x00, 0x00, 0x00,
0x43, 0xd4, 0x0f, 0x00, 0x00, 0x00, 0x00, 0x00,
0x33, 0xd4, 0x0f, 0x00, 0x00, 0x00, 0x00, 0x00,
0x23, 0xd4, 0x0f, 0x00, 0x00, 0x00, 0x00, 0x00,
0x13, 0xd4, 0x0f, 0x00, 0x00, 0x00, 0x00, 0x00,
0x03, 0xd4, 0x0f, 0x00, 0x00, 0x00, 0x00, 0x00,
0xf3, 0xd3, 0x0f, 0x00, 0x00, 0x00, 0x00, 0x00,
0xe3, 0xd3, 0x0f, 0x00, 0x00, 0x00, 0x00, 0x00,
0xd3, 0xd3, 0x0f, 0x00, 0x00, 0x00, 0x00, 0x00,
0xc3, 0xd3, 0x0f, 0x00, 0x00, 0x00, 0x00, 0x00,
0xb3, 0xd3, 0x0f, 0x00, 0x00, 0x00, 0x00, 0x00,
0xa3, 0xd3, 0x0f, 0x00, 0x00, 0x00, 0x00, 0x00,
0x93, 0xd3, 0x0f, 0x00, 0x00, 0x00, 0x00, 0x00,
0x83, 0xd3, 0x0f, 0x00, 0x00, 0x00, 0x00, 0x00,
0x73, 0xd3, 0x0f, 0x00, 0x00, 0x00, 0x00, 0x00,
0x63, 0xd3, 0x0f, 0x00, 0x00, 0x00, 0x00, 0x00,
0x53, 0xd3, 0x0f, 0x00, 0x00, 0x00, 0x00, 0x00,
0x43, 0xd3, 0x0f, 0x00, 0x00, 0x00, 0x00, 0x00,
0x13, 0xe2, 0x0f, 0x00, 0x00, 0x00, 0x00, 0x00,
0x35, 0xc6, 0x0f, 0x00, 0x00, 0x00, 0x00, 0x00,
0x13, 0xd4, 0x0f, 0x00, 0x00, 0x00, 0x00, 0x00,
0x03, 0xd4, 0x0f, 0x00, 0x00, 0x00, 0x00, 0x00,
0xf3, 0xd3, 0x0f, 0x00, 0x00, 0x00, 0x00, 0x00,
0xe3, 0xd3, 0x0f, 0x00, 0x00, 0x00, 0x00, 0x00,
0xd3, 0xd3, 0x0f, 0x00, 0x00, 0x00, 0x00, 0x00,
0xc3, 0xd3, 0x0f, 0x00, 0x00, 0x00, 0x00, 0x00,
0xb3, 0xd3, 0x0f, 0x00, 0x00, 0x00, 0x00, 0x00,
0xc9, 0x15, 0x00, 0x00, 0x00, 0x00, 0x00, 0x00,
0xf5, 0x15, 0x00, 0x00, 0x00, 0x00, 0x00, 0x00,
0x21, 0x16, 0x00, 0x00, 0x00, 0x00, 0x00, 0x00,
0x4d, 0x16, 0x00, 0x00, 0x00, 0x00, 0x00, 0x00,
0x79, 0x16, 0x00, 0x00, 0x00, 0x00, 0x00, 0x00,
0xa5, 0x16, 0x00, 0x00, 0x00, 0x00, 0x00, 0x00,
0xd1, 0x16, 0x00, 0x00, 0x00, 0x00, 0x00, 0x00,
0xfd, 0x2f, 0x00, 0x00, 0x00, 0x00, 0x00, 0x00,
0x29, 0x10, 0x00, 0x00, 0x00, 0x00, 0x00, 0x00,
0x55, 0x30, 0x00, 0x00, 0x00, 0x00, 0x00, 0x00,
0x81, 0x30, 0x00, 0x00, 0x00, 0x00, 0x00, 0x00,
0xad, 0x30, 0x00, 0x00, 0x00, 0x00, 0x00, 0x00,
0xd9, 0x30, 0x00, 0x00, 0x00, 0x00, 0x00, 0x00,
0x05, 0x31, 0x00, 0x00, 0x00, 0x00, 0x00, 0x00,
0x31, 0x31, 0x00, 0x00, 0x00, 0x00, 0x00, 0x00,
0xe5, 0x14, 0x00, 0x00, 0x00, 0x00, 0x00, 0x00,
0x1b, 0xfd, 0x0f, 0x00, 0x00, 0x00, 0x00, 0x00,
0xf5, 0x15, 0x00, 0x00, 0x00, 0x00, 0x00, 0x00,
0x21, 0x16, 0x00, 0x00, 0x00, 0x00, 0x00, 0x00,
0x4d, 0x16, 0x00, 0x00, 0x00, 0x00, 0x00, 0x00,
0x79, 0x16, 0x00, 0x00, 0x00, 0x00, 0x00, 0x00,
0xa5, 0x16, 0x00, 0x00, 0x00, 0x00, 0x00, 0x00,
0xd1, 0x16, 0x00, 0x00, 0x00, 0x00, 0x00, 0x00,
0xfd, 0x2f, 0x00, 0x00, 0x00, 0x00, 0x00, 0x00,
0x29, 0x10, 0x00, 0x00, 0x00, 0x00, 0x00, 0x00,
0x55, 0x30, 0x00, 0x00, 0x00, 0x00, 0x00, 0x00,
0x81, 0x30, 0x00, 0x00, 0x00, 0x00, 0x00, 0x00,
0xad, 0x30, 0x00, 0x00, 0x00, 0x00, 0x00, 0x00,
0xd9, 0x30, 0x00, 0x00, 0x00, 0x00, 0x00, 0x00,
0x05, 0x31, 0x00, 0x00, 0x00, 0x00, 0x00, 0x00,
0x31, 0x31, 0x00, 0x00, 0x00, 0x00, 0x00, 0x00,
0x5d, 0x15, 0x00, 0x00, 0x00, 0x00, 0x00, 0x00,
0x89, 0x0b, 0x00, 0x00, 0x00, 0x00, 0x00, 0x00,
0xb5, 0xfe, 0x0f, 0x00, 0x00, 0x00, 0x00, 0x00,
0xe1, 0xfe, 0x0f, 0x00, 0x00, 0x00, 0x00, 0x00,
0x0d, 0xff, 0x0f, 0x00, 0x00, 0x00, 0x00, 0x00,
0x39, 0xff, 0x0f, 0x00, 0x00, 0x00, 0x00, 0x00,
0x65, 0xff, 0x0f, 0x00, 0x00, 0x00, 0x00, 0x00,
0x91, 0xff, 0x0f, 0x00, 0x00, 0x00, 0x00, 0x00,
0x6d, 0xfc, 0x0f, 0x00, 0x00, 0x00, 0x00, 0x00,
0xab, 0xf7, 0x0f, 0x00, 0x00, 0x00, 0x00, 0x00,
0x55, 0x30, 0x00, 0x00, 0x00, 0x00, 0x00, 0x00,
0x81, 0x30, 0x00, 0x00, 0x00, 0x00, 0x00, 0x00,
0xad, 0x30, 0x00, 0x00, 0x00, 0x00, 0x00, 0x00,
0xd9, 0x30, 0x00, 0x00, 0x00, 0x00, 0x00, 0x00,
0x05, 0x31, 0x00, 0x00, 0x00, 0x00, 0x00, 0x00,
0x31, 0x31, 0x00, 0x00, 0x00, 0x00, 0x00, 0x00,
0x5d, 0x15, 0x00, 0x00, 0x00, 0x00, 0x00, 0x00,
0x89, 0x0b, 0x00, 0x00, 0x00, 0x00, 0x00, 0x00,
0xb5, 0xfe, 0x0f, 0x00, 0x00, 0x00, 0x00, 0x00,
0xe1, 0xfe, 0x0f, 0x00, 0x00, 0x00, 0x00, 0x00,
0x0d, 0xff, 0x0f, 0x00, 0x00, 0x00, 0x00, 0x00,
0x39, 0xff, 0x0f, 0x00, 0x00, 0x00, 0x00, 0x00,
0x65, 0xff, 0x0f, 0x00, 0x00, 0x00, 0x00, 0x00,
0x91, 0xff, 0x0f, 0x00, 0x00, 0x00, 0x00, 0x00,
0xbd, 0xf0, 0x0f, 0x00, 0x00, 0x00, 0x00, 0x00,
0xe9, 0x04, 0x00, 0x00, 0x00, 0x00, 0x00, 0x00, 
0x15, 0xf1, 0x0f, 0x00, 0x00, 0x00, 0x00, 0x00,
0x41, 0xf1, 0x0f, 0x00, 0x00, 0x00, 0x00, 0x00,
0x6d, 0xf1, 0x0f, 0x00, 0x00, 0x00, 0x00, 0x00,
0x99, 0xf1, 0x0f, 0x00, 0x00, 0x00, 0x00, 0x00,
0xc5, 0xf1, 0x0f, 0x00, 0x00, 0x00, 0x00, 0x00,
0xf1, 0xf1, 0x0f, 0x00, 0x00, 0x00, 0x00, 0x00,
0xf5, 0xfa, 0x0f, 0x00, 0x00, 0x00, 0x00, 0x00,
0x77, 0xfd, 0x0f, 0x00, 0x00, 0x00, 0x00, 0x00,
0x1b, 0xfd, 0x0f, 0x00, 0x00, 0x00, 0x00, 0x00,
0xbf, 0xfc, 0x0f, 0x00, 0x00, 0x00, 0x00, 0x00,
0x63, 0xfc, 0x0f, 0x00, 0x00, 0x00, 0x00, 0x00,
0x07, 0xfc, 0x0f, 0x00, 0x00, 0x00, 0x00, 0x00,
0xab, 0xfb, 0x0f, 0x00, 0x00, 0x00, 0x00, 0x00,
0x4f, 0xfb, 0x0f, 0x00, 0x00, 0x00, 0x00, 0x00,
0xf3, 0x19, 0x00, 0x00, 0x00, 0x00, 0x00, 0x00,
0x97, 0x1d, 0x00, 0x00, 0x00, 0x00, 0x00, 0x00,
0x3b, 0x04, 0x00, 0x00, 0x00, 0x00, 0x00, 0x00,
0xdf, 0x03, 0x00, 0x00, 0x00, 0x00, 0x00, 0x00,
0x83, 0x03, 0x00, 0x00, 0x00, 0x00, 0x00, 0x00,
0x27, 0x03, 0x00, 0x00, 0x00, 0x00, 0x00, 0x00,
0xcb, 0x02, 0x00, 0x00, 0x00, 0x00, 0x00, 0x00,
0x6f, 0x02, 0x00, 0x00, 0x00, 0x00, 0x00, 0x00,
0x2b, 0xec, 0x0f, 0x00, 0x00, 0x00, 0x00, 0x00,
0xeb, 0xeb, 0x0f, 0x00, 0x00, 0x00, 0x00, 0x00,
0x1b, 0xfd, 0x0f, 0x00, 0x00, 0x00, 0x00, 0x00,
0xbf, 0xfc, 0x0f, 0x00, 0x00, 0x00, 0x00, 0x00,
0x63, 0xfc, 0x0f, 0x00, 0x00, 0x00, 0x00, 0x00,
0x07, 0xfc, 0x0f, 0x00, 0x00, 0x00, 0x00, 0x00,
0xab, 0xfb, 0x0f, 0x00, 0x00, 0x00, 0x00, 0x00,
0x4f, 0xfb, 0x0f, 0x00, 0x00, 0x00, 0x00, 0x00,
0xf3, 0x19, 0x00, 0x00, 0x00, 0x00, 0x00, 0x00,
0x97, 0x1d, 0x00, 0x00, 0x00, 0x00, 0x00, 0x00,
0x3b, 0x04, 0x00, 0x00, 0x00, 0x00, 0x00, 0x00,
0xdf, 0x03, 0x00, 0x00, 0x00, 0x00, 0x00, 0x00,
0x83, 0x03, 0x00, 0x00, 0x00, 0x00, 0x00, 0x00,
0x27, 0x03, 0x00, 0x00, 0x00, 0x00, 0x00, 0x00,
0xcb, 0x02, 0x00, 0x00, 0x00, 0x00, 0x00, 0x00,
0x6f, 0x02, 0x00, 0x00, 0x00, 0x00, 0x00, 0x00,
0x13, 0xe9, 0x0f, 0x00, 0x00, 0x00, 0x00, 0x00,
0xb7, 0xe0, 0x0f, 0x00, 0x00, 0x00, 0x00, 0x00,
0x5b, 0xd9, 0x0f, 0x00, 0x00, 0x00, 0x00, 0x00,
0xff, 0xd8, 0x0f, 0x00, 0x00, 0x00, 0x00, 0x00,
0xa3, 0xd8, 0x0f, 0x00, 0x00, 0x00, 0x00, 0x00,
0x47, 0xd8, 0x0f, 0x00, 0x00, 0x00, 0x00, 0x00,
0xeb, 0xd7, 0x0f, 0x00, 0x00, 0x00, 0x00, 0x00,
0x8f, 0xd7, 0x0f, 0x00, 0x00, 0x00, 0x00, 0x00,
0xf3, 0xdb, 0x0f, 0x00, 0x00, 0x00, 0x00, 0x00,
0xab, 0x0d, 0x00, 0x00, 0x00, 0x00, 0x00, 0x00,
0x3b, 0x04, 0x00, 0x00, 0x00, 0x00, 0x00, 0x00, 
0xdf, 0x03, 0x00, 0x00, 0x00, 0x00, 0x00, 0x00,
0x83, 0x03, 0x00, 0x00, 0x00, 0x00, 0x00, 0x00,
0x27, 0x03, 0x00, 0x00, 0x00, 0x00, 0x00, 0x00,
0xcb, 0x02, 0x00, 0x00, 0x00, 0x00, 0x00, 0x00, 
0x6f, 0x02, 0x00, 0x00, 0x00, 0x00, 0x00, 0x00,
0x13, 0xe9, 0x0f, 0x00, 0x00, 0x00, 0x00, 0x00,
0xb7, 0xe0, 0x0f, 0x00, 0x00, 0x00, 0x00, 0x00,
0x5b, 0xd9, 0x0f, 0x00, 0x00, 0x00, 0x00, 0x00,
0xff, 0xd8, 0x0f, 0x00, 0x00, 0x00, 0x00, 0x00,
0xa3, 0xd8, 0x0f, 0x00, 0x00, 0x00, 0x00, 0x00,
0x47, 0xd8, 0x0f, 0x00, 0x00, 0x00, 0x00, 0x00,
0xeb, 0xd7, 0x0f, 0x00, 0x00, 0x00, 0x00, 0x00,
0x8f, 0xd7, 0x0f, 0x00, 0x00, 0x00, 0x00, 0x00,
0x33, 0xdc, 0x0f, 0x00, 0x00, 0x00, 0x00, 0x00,
0xd7, 0xf5, 0x0f, 0x00, 0x00, 0x00, 0x00, 0x00,
0x7b, 0x00, 0x00, 0x00, 0x00, 0x00, 0x00, 0x00,
0x1f, 0x00, 0x00, 0x00, 0x00, 0x00, 0x00, 0x00,
0xc3, 0xff, 0x0f, 0x00, 0x00, 0x00, 0x00, 0x00,
0x67, 0xff, 0x0f, 0x00, 0x00, 0x00, 0x00, 0x00,
0x0b, 0xff, 0x0f, 0x00, 0x00, 0x00, 0x00, 0x00,
0xaf, 0xfe, 0x0f, 0x00, 0x00, 0x00, 0x00, 0x00,
0xbb, 0xff, 0x0f, 0x00, 0x00, 0x00, 0x00, 0x00,
0xcc, 0x10, 0x00, 0x00, 0x00, 0x00, 0x00, 0x00,
0xe1, 0x10, 0x00, 0x00, 0x00, 0x00, 0x00, 0x00,
0xf6, 0x10, 0x00, 0x00, 0x00, 0x00, 0x00, 0x00,
0x0b, 0x11, 0x00, 0x00, 0x00, 0x00, 0x00, 0x00,
0x20, 0x11, 0x00, 0x00, 0x00, 0x00, 0x00, 0x00,
0x35, 0x11, 0x00, 0x00, 0x00, 0x00, 0x00, 0x00,
0x4a, 0x11, 0x00, 0x00, 0x00, 0x00, 0x00, 0x00,
0x5f, 0xf0, 0x0f, 0x00, 0x00, 0x00, 0x00, 0x00,
0x74, 0xd3, 0x0f, 0x00, 0x00, 0x00, 0x00, 0x00,
0x89, 0xe5, 0x0f, 0x00, 0x00, 0x00, 0x00, 0x00,
0x9e, 0xe5, 0x0f, 0x00, 0x00, 0x00, 0x00, 0x00,
0xb3, 0xe5, 0x0f, 0x00, 0x00, 0x00, 0x00, 0x00,
0xc8, 0xe5, 0x0f, 0x00, 0x00, 0x00, 0x00, 0x00,
0xdd, 0xe5, 0x0f, 0x00, 0x00, 0x00, 0x00, 0x00,
0xf2, 0xe5, 0x0f, 0x00, 0x00, 0x00, 0x00, 0x00,
0x37, 0x0b, 0x00, 0x00, 0x00, 0x00, 0x00, 0x00,
0x1e, 0x36, 0x00, 0x00, 0x00, 0x00, 0x00, 0x00,
0xe1, 0x10, 0x00, 0x00, 0x00, 0x00, 0x00, 0x00,
0xf6, 0x10, 0x00, 0x00, 0x00, 0x00, 0x00, 0x00,
0x0b, 0x11, 0x00, 0x00, 0x00, 0x00, 0x00, 0x00,
0x20, 0x11, 0x00, 0x00, 0x00, 0x00, 0x00, 0x00,
0x35, 0x11, 0x00, 0x00, 0x00, 0x00, 0x00, 0x00,
0x4a, 0x11, 0x00, 0x00, 0x00, 0x00, 0x00, 0x00,
0x5f, 0xf0, 0x0f, 0x00, 0x00, 0x00, 0x00, 0x00,
0x74, 0xd3, 0x0f, 0x00, 0x00, 0x00, 0x00, 0x00,
0x89, 0xe5, 0x0f, 0x00, 0x00, 0x00, 0x00, 0x00,
0x9e, 0xe5, 0x0f, 0x00, 0x00, 0x00, 0x00, 0x00,
0xb3, 0xe5, 0x0f, 0x00, 0x00, 0x00, 0x00, 0x00,
0xc8, 0xe5, 0x0f, 0x00, 0x00, 0x00, 0x00, 0x00,
0xdd, 0xe5, 0x0f, 0x00, 0x00, 0x00, 0x00, 0x00,
0xf2, 0xe5, 0x0f, 0x00, 0x00, 0x00, 0x00, 0x00,
0x07, 0xf9, 0x0f, 0x00, 0x00, 0x00, 0x00, 0x00,
0x1c, 0xdc, 0x0f, 0x00, 0x00, 0x00, 0x00, 0x00,
0x31, 0xe3, 0x0f, 0x00, 0x00, 0x00, 0x00, 0x00,
0x46, 0xe3, 0x0f, 0x00, 0x00, 0x00, 0x00, 0x00,
0x5b, 0xe3, 0x0f, 0x00, 0x00, 0x00, 0x00, 0x00,
0x70, 0xe3, 0x0f, 0x00, 0x00, 0x00, 0x00, 0x00,
0x85, 0xe3, 0x0f, 0x00, 0x00, 0x00, 0x00, 0x00,
0x9a, 0xe3, 0x0f, 0x00, 0x00, 0x00, 0x00, 0x00,
0x6f, 0xf6, 0x0f, 0x00, 0x00, 0x00, 0x00, 0x00,
0xf6, 0xf8, 0x0f, 0x00, 0x00, 0x00, 0x00, 0x00,
0x89, 0xe5, 0x0f, 0x00, 0x00, 0x00, 0x00, 0x00,
0x9e, 0xe5, 0x0f, 0x00, 0x00, 0x00, 0x00, 0x00,
0xb3, 0xe5, 0x0f, 0x00, 0x00, 0x00, 0x00, 0x00,
0xc8, 0xe5, 0x0f, 0x00, 0x00, 0x00, 0x00, 0x00,
0xdd, 0xe5, 0x0f, 0x00, 0x00, 0x00, 0x00, 0x00,
0xf2, 0xe5, 0x0f, 0x00, 0x00, 0x00, 0x00, 0x00,
0x07, 0xf9, 0x0f, 0x00, 0x00, 0x00, 0x00, 0x00,
0x1c, 0xdc, 0x0f, 0x00, 0x00, 0x00, 0x00, 0x00,
0x31, 0xe3, 0x0f, 0x00, 0x00, 0x00, 0x00, 0x00,
0x46, 0xe3, 0x0f, 0x00, 0x00, 0x00, 0x00, 0x00,
0x5b, 0xe3, 0x0f, 0x00, 0x00, 0x00, 0x00, 0x00,
0x70, 0xe3, 0x0f, 0x00, 0x00, 0x00, 0x00, 0x00,
0x85, 0xe3, 0x0f, 0x00, 0x00, 0x00, 0x00, 0x00,
0x9a, 0xe3, 0x0f, 0x00, 0x00, 0x00, 0x00, 0x00,
0xaf, 0xed, 0x0f, 0x00, 0x00, 0x00, 0x00, 0x00,
0xc4, 0xd7, 0x0f, 0x00, 0x00, 0x00, 0x00, 0x00,
0xd9, 0xf8, 0x0f, 0x00, 0x00, 0x00, 0x00, 0x00,
0xee, 0xf8, 0x0f, 0x00, 0x00, 0x00, 0x00, 0x00,
0x03, 0xf9, 0x0f, 0x00, 0x00, 0x00, 0x00, 0x00,
0x18, 0xf9, 0x0f, 0x00, 0x00, 0x00, 0x00, 0x00,
0x2d, 0xf9, 0x0f, 0x00, 0x00, 0x00, 0x00, 0x00,
0x42, 0xf9, 0x0f, 0x00, 0x00, 0x00, 0x00, 0x00,
0xa7, 0x02, 0x00, 0x00, 0x00, 0x00, 0x00, 0x00,
0xa3, 0xd3, 0x0f, 0x00, 0x00, 0x00, 0x00, 0x00,
0x93, 0xd3, 0x0f, 0x00, 0x00, 0x00, 0x00, 0x00,
0x83, 0xd3, 0x0f, 0x00, 0x00, 0x00, 0x00, 0x00,
0x73, 0xd3, 0x0f, 0x00, 0x00, 0x00, 0x00, 0x00,
0x63, 0xd3, 0x0f, 0x00, 0x00, 0x00, 0x00, 0x00,
0x53, 0xd3, 0x0f, 0x00, 0x00, 0x00, 0x00, 0x00,
0x43, 0xd3, 0x0f, 0x00, 0x00, 0x00, 0x00, 0x00,
0x33, 0xe2, 0x0f, 0x00, 0x00, 0x00, 0x00, 0x00,
0x23, 0xd1, 0x0f, 0x00, 0x00, 0x00, 0x00, 0x00,
0x13, 0xe3, 0x0f, 0x00, 0x00, 0x00, 0x00, 0x00,
0x03, 0xe3, 0x0f, 0x00, 0x00, 0x00, 0x00, 0x00,
0xf3, 0xe2, 0x0f, 0x00, 0x00, 0x00, 0x00, 0x00,
0xe3, 0xe2, 0x0f, 0x00, 0x00, 0x00, 0x00, 0x00,
0xd3, 0xe2, 0x0f, 0x00, 0x00, 0x00, 0x00, 0x00,
0xc3, 0xe2, 0x0f, 0x00, 0x00, 0x00, 0x00, 0x00,
0xeb, 0xdf, 0x0f, 0x00, 0x00, 0x00, 0x00, 0x00,
0x25, 0xc7, 0x0f, 0x00, 0x00, 0x00, 0x00, 0x00,
0x93, 0xd3, 0x0f, 0x00, 0x00, 0x00, 0x00, 0x00,
0x83, 0xd3, 0x0f, 0x00, 0x00, 0x00, 0x00, 0x00,
0x73, 0xd3, 0x0f, 0x00, 0x00, 0x00, 0x00, 0x00,
0x63, 0xd3, 0x0f, 0x00, 0x00, 0x00, 0x00, 0x00,
0x53, 0xd3, 0x0f, 0x00, 0x00, 0x00, 0x00, 0x00,
0x43, 0xd3, 0x0f, 0x00, 0x00, 0x00, 0x00, 0x00,
0x33, 0xe2, 0x0f, 0x00, 0x00, 0x00, 0x00, 0x00,
0x23, 0xd1, 0x0f, 0x00, 0x00, 0x00, 0x00, 0x00,
0x13, 0xe3, 0x0f, 0x00, 0x00, 0x00, 0x00, 0x00,
0x03, 0xe3, 0x0f, 0x00, 0x00, 0x00, 0x00, 0x00,
0xf3, 0xe2, 0x0f, 0x00, 0x00, 0x00, 0x00, 0x00,
0xe3, 0xe2, 0x0f, 0x00, 0x00, 0x00, 0x00, 0x00,
0xd3, 0xe2, 0x0f, 0x00, 0x00, 0x00, 0x00, 0x00,
0xc3, 0xe2, 0x0f, 0x00, 0x00, 0x00, 0x00, 0x00,
0xb3, 0xde, 0x0f, 0x00, 0x00, 0x00, 0x00, 0x00,
0xa3, 0x03, 0x00, 0x00, 0x00, 0x00, 0x00, 0x00,
0x93, 0x04, 0x00, 0x00, 0x00, 0x00, 0x00, 0x00,
0x83, 0x04, 0x00, 0x00, 0x00, 0x00, 0x00, 0x00,
0x73, 0x04, 0x00, 0x00, 0x00, 0x00, 0x00, 0x00, 
0x63, 0x04, 0x00, 0x00, 0x00, 0x00, 0x00, 0x00, 
0x53, 0x04, 0x00, 0x00, 0x00, 0x00, 0x00, 0x00, 
0x43, 0x04, 0x00, 0x00, 0x00, 0x00, 0x00, 0x00,
0xc3, 0x02, 0x00, 0x00, 0x00, 0x00, 0x00, 0x00, 
0x15, 0xc6, 0x0f, 0x00, 0x00, 0x00, 0x00, 0x00,
0x13, 0xe3, 0x0f, 0x00, 0x00, 0x00, 0x00, 0x00,
0x03, 0xe3, 0x0f, 0x00, 0x00, 0x00, 0x00, 0x00,
0xf3, 0xe2, 0x0f, 0x00, 0x00, 0x00, 0x00, 0x00,
0xe3, 0xe2, 0x0f, 0x00, 0x00, 0x00, 0x00, 0x00,
0xd3, 0xe2, 0x0f, 0x00, 0x00, 0x00, 0x00, 0x00,
0xc3, 0xe2, 0x0f, 0x00, 0x00, 0x00, 0x00, 0x00,
0xb3, 0xde, 0x0f, 0x00, 0x00, 0x00, 0x00, 0x00,
0xa3, 0x03, 0x00, 0x00, 0x00, 0x00, 0x00, 0x00,
0x93, 0x04, 0x00, 0x00, 0x00, 0x00, 0x00, 0x00,
0x83, 0x04, 0x00, 0x00, 0x00, 0x00, 0x00, 0x00,
0x73, 0x04, 0x00, 0x00, 0x00, 0x00, 0x00, 0x00,
0x63, 0x04, 0x00, 0x00, 0x00, 0x00, 0x00, 0x00,
0x53, 0x04, 0x00, 0x00, 0x00, 0x00, 0x00, 0x00,
0x43, 0x04, 0x00, 0x00, 0x00, 0x00, 0x00, 0x00,
0x33, 0x19, 0x00, 0x00, 0x00, 0x00, 0x00, 0x00,
0x23, 0x38, 0x00, 0x00, 0x00, 0x00, 0x00, 0x00,
0x13, 0x47, 0x00, 0x00, 0x00, 0x00, 0x00, 0x00,
0x03, 0x47, 0x00, 0x00, 0x00, 0x00, 0x00, 0x00,
0xf3, 0x46, 0x00, 0x00, 0x00, 0x00, 0x00, 0x00,
0xe3, 0x46, 0x00, 0x00, 0x00, 0x00, 0x00, 0x00,
0xd3, 0x46, 0x00, 0x00, 0x00, 0x00, 0x00, 0x00,
0xc3, 0x46, 0x00, 0x00, 0x00, 0x00, 0x00, 0x00,
0x9b, 0x2d, 0x00, 0x00, 0x00, 0x00, 0x00, 0x00,
0x3b, 0xd3, 0x0f, 0x00, 0x00, 0x00, 0x00, 0x00,
0xb5, 0xfe, 0x0f, 0x00, 0x00, 0x00, 0x00, 0x00,
0xe1, 0xfe, 0x0f, 0x00, 0x00, 0x00, 0x00, 0x00,
0x0d, 0xff, 0x0f, 0x00, 0x00, 0x00, 0x00, 0x00,
0x39, 0xff, 0x0f, 0x00, 0x00, 0x00, 0x00, 0x00,
0x65, 0xff, 0x0f, 0x00, 0x00, 0x00, 0x00, 0x00,
0x91, 0xff, 0x0f, 0x00, 0x00, 0x00, 0x00, 0x00,
0xbd, 0xf0, 0x0f, 0x00, 0x00, 0x00, 0x00, 0x00,
0xe9, 0x04, 0x00, 0x00, 0x00, 0x00, 0x00, 0x00,
0x15, 0xf1, 0x0f, 0x00, 0x00, 0x00, 0x00, 0x00,
0x41, 0xf1, 0x0f, 0x00, 0x00, 0x00, 0x00, 0x00,
0x6d, 0xf1, 0x0f, 0x00, 0x00, 0x00, 0x00, 0x00,
0x99, 0xf1, 0x0f, 0x00, 0x00, 0x00, 0x00, 0x00,
0xc5, 0xf1, 0x0f, 0x00, 0x00, 0x00, 0x00, 0x00,
0xf1, 0xf1, 0x0f, 0x00, 0x00, 0x00, 0x00, 0x00,
0x1d, 0xf2, 0x0f, 0x00, 0x00, 0x00, 0x00, 0x00,
0x49, 0xf2, 0x0f, 0x00, 0x00, 0x00, 0x00, 0x00,
0x75, 0xf2, 0x0f, 0x00, 0x00, 0x00, 0x00, 0x00,
0xa1, 0xf2, 0x0f, 0x00, 0x00, 0x00, 0x00, 0x00,
0xcd, 0xf2, 0x0f, 0x00, 0x00, 0x00, 0x00, 0x00,
0xf9, 0xf2, 0x0f, 0x00, 0x00, 0x00, 0x00, 0x00,
0x25, 0xf3, 0x0f, 0x00, 0x00, 0x00, 0x00, 0x00,
0x51, 0xf3, 0x0f, 0x00, 0x00, 0x00, 0x00, 0x00,
0x7d, 0xf9, 0x0f, 0x00, 0x00, 0x00, 0x00, 0x00,
0xcb, 0xd9, 0x0f, 0x00, 0x00, 0x00, 0x00, 0x00,
0x15, 0xf1, 0x0f, 0x00, 0x00, 0x00, 0x00, 0x00,
0x41, 0xf1, 0x0f, 0x00, 0x00, 0x00, 0x00, 0x00,
0x6d, 0xf1, 0x0f, 0x00, 0x00, 0x00, 0x00, 0x00,
0x99, 0xf1, 0x0f, 0x00, 0x00, 0x00, 0x00, 0x00,
0xc5, 0xf1, 0x0f, 0x00, 0x00, 0x00, 0x00, 0x00,
0xf1, 0xf1, 0x0f, 0x00, 0x00, 0x00, 0x00, 0x00,
0x1d, 0xf2, 0x0f, 0x00, 0x00, 0x00, 0x00, 0x00,
0x49, 0xf2, 0x0f, 0x00, 0x00, 0x00, 0x00, 0x00,
0x75, 0xf2, 0x0f, 0x00, 0x00, 0x00, 0x00, 0x00,
0xa1, 0xf2, 0x0f, 0x00, 0x00, 0x00, 0x00, 0x00,
0xcd, 0xf2, 0x0f, 0x00, 0x00, 0x00, 0x00, 0x00,
0xf9, 0xf2, 0x0f, 0x00, 0x00, 0x00, 0x00, 0x00,
0x25, 0xf3, 0x0f, 0x00, 0x00, 0x00, 0x00, 0x00,
0x51, 0xf3, 0x0f, 0x00, 0x00, 0x00, 0x00, 0x00,
0x7d, 0xf3, 0x0f, 0x00, 0x00, 0x00, 0x00, 0x00,
0xa9, 0xf3, 0x0f, 0x00, 0x00, 0x00, 0x00, 0x00,
0xd5, 0xf3, 0x0f, 0x00, 0x00, 0x00, 0x00, 0x00,
0x01, 0xf4, 0x0f, 0x00, 0x00, 0x00, 0x00, 0x00,
0x2d, 0xf4, 0x0f, 0x00, 0x00, 0x00, 0x00, 0x00,
0x59, 0xf4, 0x0f, 0x00, 0x00, 0x00, 0x00, 0x00,
0x85, 0xf4, 0x0f, 0x00, 0x00, 0x00, 0x00, 0x00,
0xb1, 0xf4, 0x0f, 0x00, 0x00, 0x00, 0x00, 0x00,
0x05, 0xf8, 0x0f, 0x00, 0x00, 0x00, 0x00, 0x00,
0x5b, 0xdb, 0x0f, 0x00, 0x00, 0x00, 0x00, 0x00,
0x75, 0xf2, 0x0f, 0x00, 0x00, 0x00, 0x00, 0x00,
0xa1, 0xf2, 0x0f, 0x00, 0x00, 0x00, 0x00, 0x00,
0xcd, 0xf2, 0x0f, 0x00, 0x00, 0x00, 0x00, 0x00,
0xf9, 0xf2, 0x0f, 0x00, 0x00, 0x00, 0x00, 0x00,
0x25, 0xf3, 0x0f, 0x00, 0x00, 0x00, 0x00, 0x00,
0x51, 0xf3, 0x0f, 0x00, 0x00, 0x00, 0x00, 0x00,
0x7d, 0xf3, 0x0f, 0x00, 0x00, 0x00, 0x00, 0x00,
0xa9, 0xf3, 0x0f, 0x00, 0x00, 0x00, 0x00, 0x00,
0xd5, 0xf3, 0x0f, 0x00, 0x00, 0x00, 0x00, 0x00,
0x01, 0xf4, 0x0f, 0x00, 0x00, 0x00, 0x00, 0x00,
0x2d, 0xf4, 0x0f, 0x00, 0x00, 0x00, 0x00, 0x00,
0x59, 0xf4, 0x0f, 0x00, 0x00, 0x00, 0x00, 0x00,
0x85, 0xf4, 0x0f, 0x00, 0x00, 0x00, 0x00, 0x00,
0xb1, 0xf4, 0x0f, 0x00, 0x00, 0x00, 0x00, 0x00,
0xdd, 0xf4, 0x0f, 0x00, 0x00, 0x00, 0x00, 0x00,
0x6b, 0xeb, 0x0f, 0x00, 0x00, 0x00, 0x00, 0x00,
0x5b, 0xd9, 0x0f, 0x00, 0x00, 0x00, 0x00, 0x00,
0xff, 0xd8, 0x0f, 0x00, 0x00, 0x00, 0x00, 0x00,
0xa3, 0xd8, 0x0f, 0x00, 0x00, 0x00, 0x00, 0x00,
0x47, 0xd8, 0x0f, 0x00, 0x00, 0x00, 0x00, 0x00,
0xeb, 0xd7, 0x0f, 0x00, 0x00, 0x00, 0x00, 0x00,
0x8f, 0xd7, 0x0f, 0x00, 0x00, 0x00, 0x00, 0x00,
0x33, 0xdc, 0x0f, 0x00, 0x00, 0x00, 0x00, 0x00,
0xd7, 0xf5, 0x0f, 0x00, 0x00, 0x00, 0x00, 0x00,
0x7b, 0x00, 0x00, 0x00, 0x00, 0x00, 0x00, 0x00,
0x1f, 0x00, 0x00, 0x00, 0x00, 0x00, 0x00, 0x00,
0xc3, 0xff, 0x0f, 0x00, 0x00, 0x00, 0x00, 0x00,
0x67, 0xff, 0x0f, 0x00, 0x00, 0x00, 0x00, 0x00,
0x0b, 0xff, 0x0f, 0x00, 0x00, 0x00, 0x00, 0x00,
0xaf, 0xfe, 0x0f, 0x00, 0x00, 0x00, 0x00, 0x00,
0x53, 0xfe, 0x0f, 0x00, 0x00, 0x00, 0x00, 0x00,
0xf7, 0xfd, 0x0f, 0x00, 0x00, 0x00, 0x00, 0x00,
0x9b, 0xfd, 0x0f, 0x00, 0x00, 0x00, 0x00, 0x00,
0x3f, 0xfd, 0x0f, 0x00, 0x00, 0x00, 0x00, 0x00,
0xe3, 0xfc, 0x0f, 0x00, 0x00, 0x00, 0x00, 0x00,
0x87, 0xfc, 0x0f, 0x00, 0x00, 0x00, 0x00, 0x00,
0x2b, 0xfc, 0x0f, 0x00, 0x00, 0x00, 0x00, 0x00,
0xcf, 0xfb, 0x0f, 0x00, 0x00, 0x00, 0x00, 0x00,
0x83, 0xfe, 0x0f, 0x00, 0x00, 0x00, 0x00, 0x00,
0x2b, 0x09, 0x00, 0x00, 0x00, 0x00, 0x00, 0x00,
0x7b, 0x00, 0x00, 0x00, 0x00, 0x00, 0x00, 0x00,
0x1f, 0x00, 0x00, 0x00, 0x00, 0x00, 0x00, 0x00,
0xc3, 0xff, 0x0f, 0x00, 0x00, 0x00, 0x00, 0x00,
0x67, 0xff, 0x0f, 0x00, 0x00, 0x00, 0x00, 0x00,
0x0b, 0xff, 0x0f, 0x00, 0x00, 0x00, 0x00, 0x00,
0xaf, 0xfe, 0x0f, 0x00, 0x00, 0x00, 0x00, 0x00,
0x53, 0xfe, 0x0f, 0x00, 0x00, 0x00, 0x00, 0x00,
0xf7, 0xfd, 0x0f, 0x00, 0x00, 0x00, 0x00, 0x00,
0x9b, 0xfd, 0x0f, 0x00, 0x00, 0x00, 0x00, 0x00,
0x3f, 0xfd, 0x0f, 0x00, 0x00, 0x00, 0x00, 0x00,
0xe3, 0xfc, 0x0f, 0x00, 0x00, 0x00, 0x00, 0x00,
0x87, 0xfc, 0x0f, 0x00, 0x00, 0x00, 0x00, 0x00,
0x2b, 0xfc, 0x0f, 0x00, 0x00, 0x00, 0x00, 0x00,
0xcf, 0xfb, 0x0f, 0x00, 0x00, 0x00, 0x00, 0x00,
0x73, 0xfb, 0x0f, 0x00, 0x00, 0x00, 0x00, 0x00,
0x17, 0xfb, 0x0f, 0x00, 0x00, 0x00, 0x00, 0x00,
0xbb, 0xfa, 0x0f, 0x00, 0x00, 0x00, 0x00, 0x00,
0x5f, 0xfa, 0x0f, 0x00, 0x00, 0x00, 0x00, 0x00,
0x03, 0xfa, 0x0f, 0x00, 0x00, 0x00, 0x00, 0x00,
0xa7, 0xf9, 0x0f, 0x00, 0x00, 0x00, 0x00, 0x00,
0x4b, 0xf9, 0x0f, 0x00, 0x00, 0x00, 0x00, 0x00,
0xef, 0xf8, 0x0f, 0x00, 0x00, 0x00, 0x00, 0x00,
0x4b, 0xfd, 0x0f, 0x00, 0x00, 0x00, 0x00, 0x00,
0xeb, 0x07, 0x00, 0x00, 0x00, 0x00, 0x00, 0x00,
0x9b, 0xfd, 0x0f, 0x00, 0x00, 0x00, 0x00, 0x00,
0x3f, 0xfd, 0x0f, 0x00, 0x00, 0x00, 0x00, 0x00,
0xe3, 0xfc, 0x0f, 0x00, 0x00, 0x00, 0x00, 0x00,
0x87, 0xfc, 0x0f, 0x00, 0x00, 0x00, 0x00, 0x00,
0x2b, 0xfc, 0x0f, 0x00, 0x00, 0x00, 0x00, 0x00,
0xcf, 0xfb, 0x0f, 0x00, 0x00, 0x00, 0x00, 0x00,
0x73, 0xfb, 0x0f, 0x00, 0x00, 0x00, 0x00, 0x00,
0x17, 0xfb, 0x0f, 0x00, 0x00, 0x00, 0x00, 0x00,
0xbb, 0xfa, 0x0f, 0x00, 0x00, 0x00, 0x00, 0x00,
0x5f, 0xfa, 0x0f, 0x00, 0x00, 0x00, 0x00, 0x00,
0x03, 0xfa, 0x0f, 0x00, 0x00, 0x00, 0x00, 0x00,
0xa7, 0xf9, 0x0f, 0x00, 0x00, 0x00, 0x00, 0x00,
0x4b, 0xf9, 0x0f, 0x00, 0x00, 0x00, 0x00, 0x00,
0xef, 0xf8, 0x0f, 0x00, 0x00, 0x00, 0x00, 0x00,
0x93, 0xf8, 0x0f, 0x00, 0x00, 0x00, 0x00, 0x00,
0xce, 0xef, 0x0f, 0x00, 0x00, 0x00, 0x00, 0x00,
0x31, 0xe3, 0x0f, 0x00, 0x00, 0x00, 0x00, 0x00,
0x46, 0xe3, 0x0f, 0x00, 0x00, 0x00, 0x00, 0x00,
0x5b, 0xe3, 0x0f, 0x00, 0x00, 0x00, 0x00, 0x00,
0x70, 0xe3, 0x0f, 0x00, 0x00, 0x00, 0x00, 0x00,
0x85, 0xe3, 0x0f, 0x00, 0x00, 0x00, 0x00, 0x00,
0x9a, 0xe3, 0x0f, 0x00, 0x00, 0x00, 0x00, 0x00,
0xaf, 0xed, 0x0f, 0x00, 0x00, 0x00, 0x00, 0x00,
0xc4, 0xd7, 0x0f, 0x00, 0x00, 0x00, 0x00, 0x00,
0xd9, 0xf8, 0x0f, 0x00, 0x00, 0x00, 0x00, 0x00,
0xee, 0xf8, 0x0f, 0x00, 0x00, 0x00, 0x00, 0x00,
0x03, 0xf9, 0x0f, 0x00, 0x00, 0x00, 0x00, 0x00,
0x18, 0xf9, 0x0f, 0x00, 0x00, 0x00, 0x00, 0x00,
0x2d, 0xf9, 0x0f, 0x00, 0x00, 0x00, 0x00, 0x00,
0x42, 0xf9, 0x0f, 0x00, 0x00, 0x00, 0x00, 0x00,
0x57, 0xf9, 0x0f, 0x00, 0x00, 0x00, 0x00, 0x00,
0x6c, 0xf9, 0x0f, 0x00, 0x00, 0x00, 0x00, 0x00,
0x81, 0xf9, 0x0f, 0x00, 0x00, 0x00, 0x00, 0x00,
0x96, 0xf9, 0x0f, 0x00, 0x00, 0x00, 0x00, 0x00,
0xab, 0xf9, 0x0f, 0x00, 0x00, 0x00, 0x00, 0x00,
0xc0, 0xf9, 0x0f, 0x00, 0x00, 0x00, 0x00, 0x00,
0xd5, 0xf9, 0x0f, 0x00, 0x00, 0x00, 0x00, 0x00,
0xea, 0xf9, 0x0f, 0x00, 0x00, 0x00, 0x00, 0x00,
0xdf, 0x03, 0x00, 0x00, 0x00, 0x00, 0x00, 0x00,
0xa6, 0xe4, 0x0f, 0x00, 0x00, 0x00, 0x00, 0x00,
0xd9, 0xf8, 0x0f, 0x00, 0x00, 0x00, 0x00, 0x00,
0xee, 0xf8, 0x0f, 0x00, 0x00, 0x00, 0x00, 0x00,
0x03, 0xf9, 0x0f, 0x00, 0x00, 0x00, 0x00, 0x00,
0x18, 0xf9, 0x0f, 0x00, 0x00, 0x00, 0x00, 0x00,
0x2d, 0xf9, 0x0f, 0x00, 0x00, 0x00, 0x00, 0x00,
0x42, 0xf9, 0x0f, 0x00, 0x00, 0x00, 0x00, 0x00,
0x57, 0xf9, 0x0f, 0x00, 0x00, 0x00, 0x00, 0x00,
0x6c, 0xf9, 0x0f, 0x00, 0x00, 0x00, 0x00, 0x00,
0x81, 0xf9, 0x0f, 0x00, 0x00, 0x00, 0x00, 0x00,
0x96, 0xf9, 0x0f, 0x00, 0x00, 0x00, 0x00, 0x00,
0xab, 0xf9, 0x0f, 0x00, 0x00, 0x00, 0x00, 0x00,
0xc0, 0xf9, 0x0f, 0x00, 0x00, 0x00, 0x00, 0x00,
0xd5, 0xf9, 0x0f, 0x00, 0x00, 0x00, 0x00, 0x00,
0xea, 0xf9, 0x0f, 0x00, 0x00, 0x00, 0x00, 0x00,
0xff, 0xf9, 0x0f, 0x00, 0x00, 0x00, 0x00, 0x00,
0x14, 0xfa, 0x0f, 0x00, 0x00, 0x00, 0x00, 0x00,
0x29, 0xfa, 0x0f, 0x00, 0x00, 0x00, 0x00, 0x00,
0x3e, 0xfa, 0x0f, 0x00, 0x00, 0x00, 0x00, 0x00,
0x53, 0xfa, 0x0f, 0x00, 0x00, 0x00, 0x00, 0x00,
0x68, 0xfa, 0x0f, 0x00, 0x00, 0x00, 0x00, 0x00,
0x7d, 0xfa, 0x0f, 0x00, 0x00, 0x00, 0x00, 0x00,
0x92, 0xfa, 0x0f, 0x00, 0x00, 0x00, 0x00, 0x00,
0x17, 0x05, 0x00, 0x00, 0x00, 0x00, 0x00, 0x00,
0x7e, 0xe5, 0x0f, 0x00, 0x00, 0x00, 0x00, 0x00,
0x81, 0xf9, 0x0f, 0x00, 0x00, 0x00, 0x00, 0x00,
0x96, 0xf9, 0x0f, 0x00, 0x00, 0x00, 0x00, 0x00,
0xab, 0xf9, 0x0f, 0x00, 0x00, 0x00, 0x00, 0x00,
0xc0, 0xf9, 0x0f, 0x00, 0x00, 0x00, 0x00, 0x00,
0xd5, 0xf9, 0x0f, 0x00, 0x00, 0x00, 0x00, 0x00,
0xea, 0xf9, 0x0f, 0x00, 0x00, 0x00, 0x00, 0x00,
0xff, 0xf9, 0x0f, 0x00, 0x00, 0x00, 0x00, 0x00,
0x14, 0xfa, 0x0f, 0x00, 0x00, 0x00, 0x00, 0x00,
0x29, 0xfa, 0x0f, 0x00, 0x00, 0x00, 0x00, 0x00,
0x3e, 0xfa, 0x0f, 0x00, 0x00, 0x00, 0x00, 0x00,
0x53, 0xfa, 0x0f, 0x00, 0x00, 0x00, 0x00, 0x00,
0x68, 0xfa, 0x0f, 0x00, 0x00, 0x00, 0x00, 0x00,
0x7d, 0xfa, 0x0f, 0x00, 0x00, 0x00, 0x00, 0x00,
0x92, 0xfa, 0x0f, 0x00, 0x00, 0x00, 0x00, 0x00,
0xa7, 0xfa, 0x0f, 0x00, 0x00, 0x00, 0x00, 0x00,
0x05, 0xe8, 0x0f, 0x00, 0x00, 0x00, 0x00, 0x00,
0x93, 0x04, 0x00, 0x00, 0x00, 0x00, 0x00, 0x00,
0x83, 0x04, 0x00, 0x00, 0x00, 0x00, 0x00, 0x00,
0x73, 0x04, 0x00, 0x00, 0x00, 0x00, 0x00, 0x00,
0x63, 0x04, 0x00, 0x00, 0x00, 0x00, 0x00, 0x00,
0x53, 0x04, 0x00, 0x00, 0x00, 0x00, 0x00, 0x00,
0x43, 0x04, 0x00, 0x00, 0x00, 0x00, 0x00, 0x00,
0x33, 0x19, 0x00, 0x00, 0x00, 0x00, 0x00, 0x00,
0x23, 0x38, 0x00, 0x00, 0x00, 0x00, 0x00, 0x00,
0x13, 0x47, 0x00, 0x00, 0x00, 0x00, 0x00, 0x00,
0x03, 0x47, 0x00, 0x00, 0x00, 0x00, 0x00, 0x00,
0xf3, 0x46, 0x00, 0x00, 0x00, 0x00, 0x00, 0x00,
0xe3, 0x46, 0x00, 0x00, 0x00, 0x00, 0x00, 0x00,
0xd3, 0x46, 0x00, 0x00, 0x00, 0x00, 0x00, 0x00,
0xc3, 0x46, 0x00, 0x00, 0x00, 0x00, 0x00, 0x00,
0xb3, 0x46, 0x00, 0x00, 0x00, 0x00, 0x00, 0x00,
0xa3, 0x46, 0x00, 0x00, 0x00, 0x00, 0x00, 0x00,
0x93, 0x46, 0x00, 0x00, 0x00, 0x00, 0x00, 0x00,
0x83, 0x46, 0x00, 0x00, 0x00, 0x00, 0x00, 0x00,
0x73, 0x46, 0x00, 0x00, 0x00, 0x00, 0x00, 0x00,
0x63, 0x46, 0x00, 0x00, 0x00, 0x00, 0x00, 0x00,
0x53, 0x46, 0x00, 0x00, 0x00, 0x00, 0x00, 0x00,
0x43, 0x46, 0x00, 0x00, 0x00, 0x00, 0x00, 0x00,
0x73, 0x2a, 0x00, 0x00, 0x00, 0x00, 0x00, 0x00,
0xf5, 0x1c, 0x00, 0x00, 0x00, 0x00, 0x00, 0x00,
0x13, 0x47, 0x00, 0x00, 0x00, 0x00, 0x00, 0x00,
0x03, 0x47, 0x00, 0x00, 0x00, 0x00, 0x00, 0x00,
0xf3, 0x46, 0x00, 0x00, 0x00, 0x00, 0x00, 0x00,
0xe3, 0x46, 0x00, 0x00, 0x00, 0x00, 0x00, 0x00,
0xd3, 0x46, 0x00, 0x00, 0x00, 0x00, 0x00, 0x00,
0xc3, 0x46, 0x00, 0x00, 0x00, 0x00, 0x00, 0x00,
0xb3, 0x46, 0x00, 0x00, 0x00, 0x00, 0x00, 0x00,
0xa3, 0x46, 0x00, 0x00, 0x00, 0x00, 0x00, 0x00,
0x93, 0x46, 0x00, 0x00, 0x00, 0x00, 0x00, 0x00,
0x83, 0x46, 0x00, 0x00, 0x00, 0x00, 0x00, 0x00,
0x73, 0x46, 0x00, 0x00, 0x00, 0x00, 0x00, 0x00,
0x63, 0x46, 0x00, 0x00, 0x00, 0x00, 0x00, 0x00,
0x53, 0x46, 0x00, 0x00, 0x00, 0x00, 0x00, 0x00,
0x43, 0x46, 0x00, 0x00, 0x00, 0x00, 0x00, 0x00,
0x33, 0x46, 0x00, 0x00, 0x00, 0x00, 0x00, 0x00,
0x23, 0x46, 0x00, 0x00, 0x00, 0x00, 0x00, 0x00,
0x13, 0x46, 0x00, 0x00, 0x00, 0x00, 0x00, 0x00,
0x03, 0x46, 0x00, 0x00, 0x00, 0x00, 0x00, 0x00,
0xf3, 0x45, 0x00, 0x00, 0x00, 0x00, 0x00, 0x00,
0xe3, 0x45, 0x00, 0x00, 0x00, 0x00, 0x00, 0x00,
0xd3, 0x45, 0x00, 0x00, 0x00, 0x00, 0x00, 0x00,
0xc3, 0x45, 0x00, 0x00, 0x00, 0x00, 0x00, 0x00,
0x4b, 0x27, 0x00, 0x00, 0x00, 0x00, 0x00, 0x00,
0xe5, 0x1d, 0x00, 0x00, 0x00, 0x00, 0x00, 0x00,
0x93, 0x46, 0x00, 0x00, 0x00, 0x00, 0x00, 0x00,
0x83, 0x46, 0x00, 0x00, 0x00, 0x00, 0x00, 0x00,
0x73, 0x46, 0x00, 0x00, 0x00, 0x00, 0x00, 0x00,
0x63, 0x46, 0x00, 0x00, 0x00, 0x00, 0x00, 0x00,
0x53, 0x46, 0x00, 0x00, 0x00, 0x00, 0x00, 0x00,
0x43, 0x46, 0x00, 0x00, 0x00, 0x00, 0x00, 0x00,
0x33, 0x46, 0x00, 0x00, 0x00, 0x00, 0x00, 0x00,
0x23, 0x46, 0x00, 0x00, 0x00, 0x00, 0x00, 0x00,
0x13, 0x46, 0x00, 0x00, 0x00, 0x00, 0x00, 0x00,
0x03, 0x46, 0x00, 0x00, 0x00, 0x00, 0x00, 0x00,
0xf3, 0x45, 0x00, 0x00, 0x00, 0x00, 0x00, 0x00,
0xe3, 0x45, 0x00, 0x00, 0x00, 0x00, 0x00, 0x00,
0xd3, 0x45, 0x00, 0x00, 0x00, 0x00, 0x00, 0x00,
0xc3, 0x45, 0x00, 0x00, 0x00, 0x00, 0x00, 0x00,
0xb3, 0x45, 0x00, 0x00, 0x00, 0x00, 0x00, 0x00,
0x09, 0xf5, 0x0f, 0x00, 0x00, 0x00, 0x00, 0x00,
0x35, 0xf5, 0x0f, 0x00, 0x00, 0x00, 0x00, 0x00,
0x61, 0xf5, 0x0f, 0x00, 0x00, 0x00, 0x00, 0x00,
0x8d, 0xf5, 0x0f, 0x00, 0x00, 0x00, 0x00, 0x00,
0xb9, 0xf5, 0x0f, 0x00, 0x00, 0x00, 0x00, 0x00,
0xe5, 0xf5, 0x0f, 0x00, 0x00, 0x00, 0x00, 0x00,
0x11, 0xf6, 0x0f, 0x00, 0x00, 0x00, 0x00, 0x00,
0x8d, 0xf6, 0x0f, 0x00, 0x00, 0x00, 0x00, 0x00,
0xeb, 0xdc, 0x0f, 0x00, 0x00, 0x00, 0x00, 0x00,
0xd5, 0xf3, 0x0f, 0x00, 0x00, 0x00, 0x00, 0x00,
0x01, 0xf4, 0x0f, 0x00, 0x00, 0x00, 0x00, 0x00,
0x2d, 0xf4, 0x0f, 0x00, 0x00, 0x00, 0x00, 0x00,
0x59, 0xf4, 0x0f, 0x00, 0x00, 0x00, 0x00, 0x00,
0x85, 0xf4, 0x0f, 0x00, 0x00, 0x00, 0x00, 0x00,
0xb1, 0xf4, 0x0f, 0x00, 0x00, 0x00, 0x00, 0x00,
0xdd, 0xf4, 0x0f, 0x00, 0x00, 0x00, 0x00, 0x00,
0x09, 0xf5, 0x0f, 0x00, 0x00, 0x00, 0x00, 0x00,
0x35, 0xf5, 0x0f, 0x00, 0x00, 0x00, 0x00, 0x00,
0x61, 0xf5, 0x0f, 0x00, 0x00, 0x00, 0x00, 0x00,
0x8d, 0xf5, 0x0f, 0x00, 0x00, 0x00, 0x00, 0x00,
0xb9, 0xf5, 0x0f, 0x00, 0x00, 0x00, 0x00, 0x00,
0xe5, 0xf5, 0x0f, 0x00, 0x00, 0x00, 0x00, 0x00,
0x11, 0xf6, 0x0f, 0x00, 0x00, 0x00, 0x00, 0x00,
0x3d, 0xf6, 0x0f, 0x00, 0x00, 0x00, 0x00, 0x00,
0x69, 0xf6, 0x0f, 0x00, 0x00, 0x00, 0x00, 0x00,
0x95, 0xf6, 0x0f, 0x00, 0x00, 0x00, 0x00, 0x00,
0xc1, 0xf6, 0x0f, 0x00, 0x00, 0x00, 0x00, 0x00,
0xed, 0xf6, 0x0f, 0x00, 0x00, 0x00, 0x00, 0x00,
0x19, 0xf7, 0x0f, 0x00, 0x00, 0x00, 0x00, 0x00,
0x45, 0xf7, 0x0f, 0x00, 0x00, 0x00, 0x00, 0x00,
0x71, 0xf7, 0x0f, 0x00, 0x00, 0x00, 0x00, 0x00,
0x15, 0xf5, 0x0f, 0x00, 0x00, 0x00, 0x00, 0x00,
0x7b, 0xde, 0x0f, 0x00, 0x00, 0x00, 0x00, 0x00,
0x35, 0xf5, 0x0f, 0x00, 0x00, 0x00, 0x00, 0x00,
0x61, 0xf5, 0x0f, 0x00, 0x00, 0x00, 0x00, 0x00,
0x8d, 0xf5, 0x0f, 0x00, 0x00, 0x00, 0x00, 0x00,
0xb9, 0xf5, 0x0f, 0x00, 0x00, 0x00, 0x00, 0x00,
0xe5, 0xf5, 0x0f, 0x00, 0x00, 0x00, 0x00, 0x00,
0x11, 0xf6, 0x0f, 0x00, 0x00, 0x00, 0x00, 0x00,
0x3d, 0xf6, 0x0f, 0x00, 0x00, 0x00, 0x00, 0x00,
0x69, 0xf6, 0x0f, 0x00, 0x00, 0x00, 0x00, 0x00,
0x95, 0xf6, 0x0f, 0x00, 0x00, 0x00, 0x00, 0x00,
0xc1, 0xf6, 0x0f, 0x00, 0x00, 0x00, 0x00, 0x00,
0xed, 0xf6, 0x0f, 0x00, 0x00, 0x00, 0x00, 0x00,
0x19, 0xf7, 0x0f, 0x00, 0x00, 0x00, 0x00, 0x00,
0x45, 0xf7, 0x0f, 0x00, 0x00, 0x00, 0x00, 0x00,
0x71, 0xf7, 0x0f, 0x00, 0x00, 0x00, 0x00, 0x00,
0x9d, 0xf7, 0x0f, 0x00, 0x00, 0x00, 0x00, 0x00,
0xc9, 0xf7, 0x0f, 0x00, 0x00, 0x00, 0x00, 0x00,
0xf5, 0xf7, 0x0f, 0x00, 0x00, 0x00, 0x00, 0x00,
0x21, 0xf8, 0x0f, 0x00, 0x00, 0x00, 0x00, 0x00,
0x4d, 0xf8, 0x0f, 0x00, 0x00, 0x00, 0x00, 0x00,
0x79, 0xf8, 0x0f, 0x00, 0x00, 0x00, 0x00, 0x00,
0xa5, 0xf8, 0x0f, 0x00, 0x00, 0x00, 0x00, 0x00,
0xd1, 0xf8, 0x0f, 0x00, 0x00, 0x00, 0x00, 0x00,
0x9d, 0xf3, 0x0f, 0x00, 0x00, 0x00, 0x00, 0x00,
0x0b, 0xe0, 0x0f, 0x00, 0x00, 0x00, 0x00, 0x00,
0x95, 0xf6, 0x0f, 0x00, 0x00, 0x00, 0x00, 0x00,
0xc1, 0xf6, 0x0f, 0x00, 0x00, 0x00, 0x00, 0x00,
0xed, 0xf6, 0x0f, 0x00, 0x00, 0x00, 0x00, 0x00,
0x19, 0xf7, 0x0f, 0x00, 0x00, 0x00, 0x00, 0x00,
0x45, 0xf7, 0x0f, 0x00, 0x00, 0x00, 0x00, 0x00,
0x71, 0xf7, 0x0f, 0x00, 0x00, 0x00, 0x00, 0x00,
0x9d, 0xf7, 0x0f, 0x00, 0x00, 0x00, 0x00, 0x00,
0x37, 0xf8, 0x0f, 0x00, 0x00, 0x00, 0x00, 0x00,
0xdb, 0xf7, 0x0f, 0x00, 0x00, 0x00, 0x00, 0x00,
0x7f, 0xf7, 0x0f, 0x00, 0x00, 0x00, 0x00, 0x00,
0x23, 0xf7, 0x0f, 0x00, 0x00, 0x00, 0x00, 0x00,
0xc7, 0xf6, 0x0f, 0x00, 0x00, 0x00, 0x00, 0x00,
0x6b, 0xf6, 0x0f, 0x00, 0x00, 0x00, 0x00, 0x00,
0x0f, 0xf6, 0x0f, 0x00, 0x00, 0x00, 0x00, 0x00,
0x13, 0xfc, 0x0f, 0x00, 0x00, 0x00, 0x00, 0x00,
0xab, 0x06, 0x00, 0x00, 0x00, 0x00, 0x00, 0x00, 
0xbb, 0xfa, 0x0f, 0x00, 0x00, 0x00, 0x00, 0x00,
0x5f, 0xfa, 0x0f, 0x00, 0x00, 0x00, 0x00, 0x00,
0x03, 0xfa, 0x0f, 0x00, 0x00, 0x00, 0x00, 0x00,
0xa7, 0xf9, 0x0f, 0x00, 0x00, 0x00, 0x00, 0x00,
0x4b, 0xf9, 0x0f, 0x00, 0x00, 0x00, 0x00, 0x00,
0xef, 0xf8, 0x0f, 0x00, 0x00, 0x00, 0x00, 0x00,
0x93, 0xf8, 0x0f, 0x00, 0x00, 0x00, 0x00, 0x00,
0x37, 0xf8, 0x0f, 0x00, 0x00, 0x00, 0x00, 0x00,
0xdb, 0xf7, 0x0f, 0x00, 0x00, 0x00, 0x00, 0x00,
0x7f, 0xf7, 0x0f, 0x00, 0x00, 0x00, 0x00, 0x00,
0x23, 0xf7, 0x0f, 0x00, 0x00, 0x00, 0x00, 0x00,
0xc7, 0xf6, 0x0f, 0x00, 0x00, 0x00, 0x00, 0x00,
0x6b, 0xf6, 0x0f, 0x00, 0x00, 0x00, 0x00, 0x00,
0x0f, 0xf6, 0x0f, 0x00, 0x00, 0x00, 0x00, 0x00,
0xb3, 0xf5, 0x0f, 0x00, 0x00, 0x00, 0x00, 0x00,
0x57, 0xf5, 0x0f, 0x00, 0x00, 0x00, 0x00, 0x00,
0xfb, 0xf4, 0x0f, 0x00, 0x00, 0x00, 0x00, 0x00,
0x9f, 0xf4, 0x0f, 0x00, 0x00, 0x00, 0x00, 0x00,
0x43, 0xf4, 0x0f, 0x00, 0x00, 0x00, 0x00, 0x00,
0xe7, 0xf3, 0x0f, 0x00, 0x00, 0x00, 0x00, 0x00,
0x8b, 0xf3, 0x0f, 0x00, 0x00, 0x00, 0x00, 0x00,
0x2f, 0xf3, 0x0f, 0x00, 0x00, 0x00, 0x00, 0x00,
0xdb, 0xfa, 0x0f, 0x00, 0x00, 0x00, 0x00, 0x00,
0x6b, 0x05, 0x00, 0x00, 0x00, 0x00, 0x00, 0x00,
0xdb, 0xf7, 0x0f, 0x00, 0x00, 0x00, 0x00, 0x00,
0x7f, 0xf7, 0x0f, 0x00, 0x00, 0x00, 0x00, 0x00,
0x23, 0xf7, 0x0f, 0x00, 0x00, 0x00, 0x00, 0x00,
0xc7, 0xf6, 0x0f, 0x00, 0x00, 0x00, 0x00, 0x00,
0x6b, 0xf6, 0x0f, 0x00, 0x00, 0x00, 0x00, 0x00,
0x0f, 0xf6, 0x0f, 0x00, 0x00, 0x00, 0x00, 0x00,
0xb3, 0xf5, 0x0f, 0x00, 0x00, 0x00, 0x00, 0x00,
0x57, 0xf5, 0x0f, 0x00, 0x00, 0x00, 0x00, 0x00,
0xfb, 0xf4, 0x0f, 0x00, 0x00, 0x00, 0x00, 0x00,
0x9f, 0xf4, 0x0f, 0x00, 0x00, 0x00, 0x00, 0x00,
0x43, 0xf4, 0x0f, 0x00, 0x00, 0x00, 0x00, 0x00,
0xe7, 0xf3, 0x0f, 0x00, 0x00, 0x00, 0x00, 0x00,
0x8b, 0xf3, 0x0f, 0x00, 0x00, 0x00, 0x00, 0x00,
0x2f, 0xf3, 0x0f, 0x00, 0x00, 0x00, 0x00, 0x00,
0xd3, 0xf2, 0x0f, 0x00, 0x00, 0x00, 0x00, 0x00,
0x77, 0xf2, 0x0f, 0x00, 0x00, 0x00, 0x00, 0x00,
0x1b, 0xf2, 0x0f, 0x00, 0x00, 0x00, 0x00, 0x00,
0xbf, 0xf1, 0x0f, 0x00, 0x00, 0x00, 0x00, 0x00,
0x63, 0xf1, 0x0f, 0x00, 0x00, 0x00, 0x00, 0x00,
0x07, 0xf1, 0x0f, 0x00, 0x00, 0x00, 0x00, 0x00,
0xab, 0xf0, 0x0f, 0x00, 0x00, 0x00, 0x00, 0x00,
0x4f, 0xf0, 0x0f, 0x00, 0x00, 0x00, 0x00, 0x00,
0xa3, 0xf9, 0x0f, 0x00, 0x00, 0x00, 0x00, 0x00,
0x2b, 0x04, 0x00, 0x00, 0x00, 0x00, 0x00, 0x00,
0xfb, 0xf4, 0x0f, 0x00, 0x00, 0x00, 0x00, 0x00,
0x9f, 0xf4, 0x0f, 0x00, 0x00, 0x00, 0x00, 0x00,
0x43, 0xf4, 0x0f, 0x00, 0x00, 0x00, 0x00, 0x00,
0xe7, 0xf3, 0x0f, 0x00, 0x00, 0x00, 0x00, 0x00,
0x8b, 0xf3, 0x0f, 0x00, 0x00, 0x00, 0x00, 0x00,
0x2f, 0xf3, 0x0f, 0x00, 0x00, 0x00, 0x00, 0x00,
0xd3, 0xf2, 0x0f, 0x00, 0x00, 0x00, 0x00, 0x00,
0xbc, 0xfa, 0x0f, 0x00, 0x00, 0x00, 0x00, 0x00,
0xd1, 0xfa, 0x0f, 0x00, 0x00, 0x00, 0x00, 0x00,
0xe6, 0xfa, 0x0f, 0x00, 0x00, 0x00, 0x00, 0x00,
0xfb, 0xfa, 0x0f, 0x00, 0x00, 0x00, 0x00, 0x00,
0x10, 0xfb, 0x0f, 0x00, 0x00, 0x00, 0x00, 0x00,
0x25, 0xfb, 0x0f, 0x00, 0x00, 0x00, 0x00, 0x00,
0x3a, 0xfb, 0x0f, 0x00, 0x00, 0x00, 0x00, 0x00,
0x4f, 0x06, 0x00, 0x00, 0x00, 0x00, 0x00, 0x00,
0x56, 0xe6, 0x0f, 0x00, 0x00, 0x00, 0x00, 0x00,
0x29, 0xfa, 0x0f, 0x00, 0x00, 0x00, 0x00, 0x00,
0x3e, 0xfa, 0x0f, 0x00, 0x00, 0x00, 0x00, 0x00,
0x53, 0xfa, 0x0f, 0x00, 0x00, 0x00, 0x00, 0x00,
0x68, 0xfa, 0x0f, 0x00, 0x00, 0x00, 0x00, 0x00,
0x7d, 0xfa, 0x0f, 0x00, 0x00, 0x00, 0x00, 0x00,
0x92, 0xfa, 0x0f, 0x00, 0x00, 0x00, 0x00, 0x00,
0xa7, 0xfa, 0x0f, 0x00, 0x00, 0x00, 0x00, 0x00,
0xbc, 0xfa, 0x0f, 0x00, 0x00, 0x00, 0x00, 0x00,
0xd1, 0xfa, 0x0f, 0x00, 0x00, 0x00, 0x00, 0x00,
0xe6, 0xfa, 0x0f, 0x00, 0x00, 0x00, 0x00, 0x00,
0xfb, 0xfa, 0x0f, 0x00, 0x00, 0x00, 0x00, 0x00,
0x10, 0xfb, 0x0f, 0x00, 0x00, 0x00, 0x00, 0x00,
0x25, 0xfb, 0x0f, 0x00, 0x00, 0x00, 0x00, 0x00,
0x3a, 0xfb, 0x0f, 0x00, 0x00, 0x00, 0x00, 0x00,
0x4f, 0xfb, 0x0f, 0x00, 0x00, 0x00, 0x00, 0x00,
0x64, 0xfb, 0x0f, 0x00, 0x00, 0x00, 0x00, 0x00,
0x79, 0xfb, 0x0f, 0x00, 0x00, 0x00, 0x00, 0x00,
0x8e, 0xfb, 0x0f, 0x00, 0x00, 0x00, 0x00, 0x00,
0xa3, 0xfb, 0x0f, 0x00, 0x00, 0x00, 0x00, 0x00,
0xb8, 0xfb, 0x0f, 0x00, 0x00, 0x00, 0x00, 0x00,
0xcd, 0xfb, 0x0f, 0x00, 0x00, 0x00, 0x00, 0x00,
0xe2, 0xfb, 0x0f, 0x00, 0x00, 0x00, 0x00, 0x00,
0x87, 0x07, 0x00, 0x00, 0x00, 0x00, 0x00, 0x00,
0x2e, 0xe7, 0x0f, 0x00, 0x00, 0x00, 0x00, 0x00,
0xd1, 0xfa, 0x0f, 0x00, 0x00, 0x00, 0x00, 0x00,
0xe6, 0xfa, 0x0f, 0x00, 0x00, 0x00, 0x00, 0x00,
0xfb, 0xfa, 0x0f, 0x00, 0x00, 0x00, 0x00, 0x00,
0x10, 0xfb, 0x0f, 0x00, 0x00, 0x00, 0x00, 0x00,
0x25, 0xfb, 0x0f, 0x00, 0x00, 0x00, 0x00, 0x00,
0x3a, 0xfb, 0x0f, 0x00, 0x00, 0x00, 0x00, 0x00,
0x4f, 0xfb, 0x0f, 0x00, 0x00, 0x00, 0x00, 0x00,
0x64, 0xfb, 0x0f, 0x00, 0x00, 0x00, 0x00, 0x00,
0x79, 0xfb, 0x0f, 0x00, 0x00, 0x00, 0x00, 0x00,
0x8e, 0xfb, 0x0f, 0x00, 0x00, 0x00, 0x00, 0x00,
0xa3, 0xfb, 0x0f, 0x00, 0x00, 0x00, 0x00, 0x00,
0xb8, 0xfb, 0x0f, 0x00, 0x00, 0x00, 0x00, 0x00,
0xcd, 0xfb, 0x0f, 0x00, 0x00, 0x00, 0x00, 0x00,
0xe2, 0xfb, 0x0f, 0x00, 0x00, 0x00, 0x00, 0x00,
0xf7, 0xfb, 0x0f, 0x00, 0x00, 0x00, 0x00, 0x00,
0x0c, 0xfc, 0x0f, 0x00, 0x00, 0x00, 0x00, 0x00,
0x21, 0xfc, 0x0f, 0x00, 0x00, 0x00, 0x00, 0x00,
0x36, 0xfc, 0x0f, 0x00, 0x00, 0x00, 0x00, 0x00,
0x4b, 0xfc, 0x0f, 0x00, 0x00, 0x00, 0x00, 0x00,
0x60, 0xfc, 0x0f, 0x00, 0x00, 0x00, 0x00, 0x00,
0x75, 0xfc, 0x0f, 0x00, 0x00, 0x00, 0x00, 0x00,
0x8a, 0xfc, 0x0f, 0x00, 0x00, 0x00, 0x00, 0x00,
0xbf, 0x08, 0x00, 0x00, 0x00, 0x00, 0x00, 0x00,
0x06, 0xe8, 0x0f, 0x00, 0x00, 0x00, 0x00, 0x00,
0x79, 0xfb, 0x0f, 0x00, 0x00, 0x00, 0x00, 0x00,
0x8e, 0xfb, 0x0f, 0x00, 0x00, 0x00, 0x00, 0x00,
0xa3, 0xfb, 0x0f, 0x00, 0x00, 0x00, 0x00, 0x00,
0xb8, 0xfb, 0x0f, 0x00, 0x00, 0x00, 0x00, 0x00,
0xcd, 0xfb, 0x0f, 0x00, 0x00, 0x00, 0x00, 0x00,
0xe2, 0xfb, 0x0f, 0x00, 0x00, 0x00, 0x00, 0x00,
0xf7, 0xfb, 0x0f, 0x00, 0x00, 0x00, 0x00, 0x00,
0xa3, 0x45, 0x00, 0x00, 0x00, 0x00, 0x00, 0x00,
0x93, 0x45, 0x00, 0x00, 0x00, 0x00, 0x00, 0x00,
0x83, 0x45, 0x00, 0x00, 0x00, 0x00, 0x00, 0x00,
0x73, 0x45, 0x00, 0x00, 0x00, 0x00, 0x00, 0x00,
0x63, 0x45, 0x00, 0x00, 0x00, 0x00, 0x00, 0x00,
0x53, 0x45, 0x00, 0x00, 0x00, 0x00, 0x00, 0x00,
0x43, 0x45, 0x00, 0x00, 0x00, 0x00, 0x00, 0x00,
0x23, 0x24, 0x00, 0x00, 0x00, 0x00, 0x00, 0x00,
0xd5, 0x1e, 0x00, 0x00, 0x00, 0x00, 0x00, 0x00,
0x13, 0x46, 0x00, 0x00, 0x00, 0x00, 0x00, 0x00,
0x03, 0x46, 0x00, 0x00, 0x00, 0x00, 0x00, 0x00,
0xf3, 0x45, 0x00, 0x00, 0x00, 0x00, 0x00, 0x00,
0xe3, 0x45, 0x00, 0x00, 0x00, 0x00, 0x00, 0x00,
0xd3, 0x45, 0x00, 0x00, 0x00, 0x00, 0x00, 0x00,
0xc3, 0x45, 0x00, 0x00, 0x00, 0x00, 0x00, 0x00,
0xb3, 0x45, 0x00, 0x00, 0x00, 0x00, 0x00, 0x00,
0xa3, 0x45, 0x00, 0x00, 0x00, 0x00, 0x00, 0x00,
0x93, 0x45, 0x00, 0x00, 0x00, 0x00, 0x00, 0x00,
0x83, 0x45, 0x00, 0x00, 0x00, 0x00, 0x00, 0x00,
0x73, 0x45, 0x00, 0x00, 0x00, 0x00, 0x00, 0x00,
0x63, 0x45, 0x00, 0x00, 0x00, 0x00, 0x00, 0x00,
0x53, 0x45, 0x00, 0x00, 0x00, 0x00, 0x00, 0x00,
0x43, 0x45, 0x00, 0x00, 0x00, 0x00, 0x00, 0x00,
0x33, 0x45, 0x00, 0x00, 0x00, 0x00, 0x00, 0x00,
0x23, 0x45, 0x00, 0x00, 0x00, 0x00, 0x00, 0x00,
0x13, 0x45, 0x00, 0x00, 0x00, 0x00, 0x00, 0x00,
0x03, 0x45, 0x00, 0x00, 0x00, 0x00, 0x00, 0x00,
0xf3, 0x44, 0x00, 0x00, 0x00, 0x00, 0x00, 0x00,
0xe3, 0x44, 0x00, 0x00, 0x00, 0x00, 0x00, 0x00,
0xd3, 0x44, 0x00, 0x00, 0x00, 0x00, 0x00, 0x00,
0xc3, 0x44, 0x00, 0x00, 0x00, 0x00, 0x00, 0x00,
0xfb, 0x20, 0x00, 0x00, 0x00, 0x00, 0x00, 0x00,
0xc5, 0x1f, 0x00, 0x00, 0x00, 0x00, 0x00, 0x00,
0x93, 0x45, 0x00, 0x00, 0x00, 0x00, 0x00, 0x00,
0x83, 0x45, 0x00, 0x00, 0x00, 0x00, 0x00, 0x00,
0x73, 0x45, 0x00, 0x00, 0x00, 0x00, 0x00, 0x00,
0x63, 0x45, 0x00, 0x00, 0x00, 0x00, 0x00, 0x00,
0x53, 0x45, 0x00, 0x00, 0x00, 0x00, 0x00, 0x00,
0x43, 0x45, 0x00, 0x00, 0x00, 0x00, 0x00, 0x00,
0x33, 0x45, 0x00, 0x00, 0x00, 0x00, 0x00, 0x00,
0x23, 0x45, 0x00, 0x00, 0x00, 0x00, 0x00, 0x00,
0x13, 0x45, 0x00, 0x00, 0x00, 0x00, 0x00, 0x00,
0x03, 0x45, 0x00, 0x00, 0x00, 0x00, 0x00, 0x00,
0xf3, 0x44, 0x00, 0x00, 0x00, 0x00, 0x00, 0x00,
0xe3, 0x44, 0x00, 0x00, 0x00, 0x00, 0x00, 0x00,
0xd3, 0x44, 0x00, 0x00, 0x00, 0x00, 0x00, 0x00,
0xc3, 0x44, 0x00, 0x00, 0x00, 0x00, 0x00, 0x00,
0xb3, 0x44, 0x00, 0x00, 0x00, 0x00, 0x00, 0x00,
0xa3, 0x44, 0x00, 0x00, 0x00, 0x00, 0x00, 0x00,
0x93, 0x44, 0x00, 0x00, 0x00, 0x00, 0x00, 0x00,
0x83, 0x44, 0x00, 0x00, 0x00, 0x00, 0x00, 0x00,
0x73, 0x44, 0x00, 0x00, 0x00, 0x00, 0x00, 0x00,
0x63, 0x44, 0x00, 0x00, 0x00, 0x00, 0x00, 0x00,
0x53, 0x44, 0x00, 0x00, 0x00, 0x00, 0x00, 0x00,
0x43, 0x44, 0x00, 0x00, 0x00, 0x00, 0x00, 0x00,
0xd3, 0x1d, 0x00, 0x00, 0x00, 0x00, 0x00, 0x00,
0xb5, 0x20, 0x00, 0x00, 0x00, 0x00, 0x00, 0x00,
0x13, 0x45, 0x00, 0x00, 0x00, 0x00, 0x00, 0x00,
0x03, 0x45, 0x00, 0x00, 0x00, 0x00, 0x00, 0x00,
0xf3, 0x44, 0x00, 0x00, 0x00, 0x00, 0x00, 0x00,
0xe3, 0x44, 0x00, 0x00, 0x00, 0x00, 0x00, 0x00,
0xd3, 0x44, 0x00, 0x00, 0x00, 0x00, 0x00, 0x00,
0xc3, 0x44, 0x00, 0x00, 0x00, 0x00, 0x00, 0x00,
0xb3, 0x44, 0x00, 0x00, 0x00, 0x00, 0x00, 0x00,
0xc9, 0xf7, 0x0f, 0x00, 0x00, 0x00, 0x00, 0x00,
0xf5, 0xf7, 0x0f, 0x00, 0x00, 0x00, 0x00, 0x00,
0x21, 0xf8, 0x0f, 0x00, 0x00, 0x00, 0x00, 0x00,
0x4d, 0xf8, 0x0f, 0x00, 0x00, 0x00, 0x00, 0x00,
0x79, 0xf8, 0x0f, 0x00, 0x00, 0x00, 0x00, 0x00,
0xa5, 0xf8, 0x0f, 0x00, 0x00, 0x00, 0x00, 0x00,
0xd1, 0xf8, 0x0f, 0x00, 0x00, 0x00, 0x00, 0x00,
0xfd, 0xe9, 0x0f, 0x00, 0x00, 0x00, 0x00, 0x00,
0x29, 0x03, 0x00, 0x00, 0x00, 0x00, 0x00, 0x00,
0x55, 0xe7, 0x0f, 0x00, 0x00, 0x00, 0x00, 0x00,
0x81, 0xe7, 0x0f, 0x00, 0x00, 0x00, 0x00, 0x00,
0xad, 0xe7, 0x0f, 0x00, 0x00, 0x00, 0x00, 0x00,
0xd9, 0xe7, 0x0f, 0x00, 0x00, 0x00, 0x00, 0x00,
0x05, 0xe8, 0x0f, 0x00, 0x00, 0x00, 0x00, 0x00,
0x31, 0xe8, 0x0f, 0x00, 0x00, 0x00, 0x00, 0x00,
0x25, 0xef, 0x0f, 0x00, 0x00, 0x00, 0x00, 0x00,
0x9b, 0xe1, 0x0f, 0x00, 0x00, 0x00, 0x00, 0x00,
0xf5, 0xf7, 0x0f, 0x00, 0x00, 0x00, 0x00, 0x00,
0x21, 0xf8, 0x0f, 0x00, 0x00, 0x00, 0x00, 0x00,
0x4d, 0xf8, 0x0f, 0x00, 0x00, 0x00, 0x00, 0x00,
0x79, 0xf8, 0x0f, 0x00, 0x00, 0x00, 0x00, 0x00,
0xa5, 0xf8, 0x0f, 0x00, 0x00, 0x00, 0x00, 0x00,
0xd1, 0xf8, 0x0f, 0x00, 0x00, 0x00, 0x00, 0x00,
0xfd, 0xe9, 0x0f, 0x00, 0x00, 0x00, 0x00, 0x00,
0x29, 0x03, 0x00, 0x00, 0x00, 0x00, 0x00, 0x00, 
0x55, 0xe7, 0x0f, 0x00, 0x00, 0x00, 0x00, 0x00,
0x81, 0xe7, 0x0f, 0x00, 0x00, 0x00, 0x00, 0x00,
0xad, 0xe7, 0x0f, 0x00, 0x00, 0x00, 0x00, 0x00,
0xd9, 0xe7, 0x0f, 0x00, 0x00, 0x00, 0x00, 0x00,
0x05, 0xe8, 0x0f, 0x00, 0x00, 0x00, 0x00, 0x00,
0x31, 0xe8, 0x0f, 0x00, 0x00, 0x00, 0x00, 0x00,
0x5d, 0xf7, 0x0f, 0x00, 0x00, 0x00, 0x00, 0x00,
0x89, 0x1b, 0x00, 0x00, 0x00, 0x00, 0x00, 0x00,
0xb5, 0x03, 0x00, 0x00, 0x00, 0x00, 0x00, 0x00,
0xe1, 0x03, 0x00, 0x00, 0x00, 0x00, 0x00, 0x00,
0x0d, 0x04, 0x00, 0x00, 0x00, 0x00, 0x00, 0x00, 
0x39, 0x04, 0x00, 0x00, 0x00, 0x00, 0x00, 0x00,
0x65, 0x04, 0x00, 0x00, 0x00, 0x00, 0x00, 0x00,
0x91, 0x04, 0x00, 0x00, 0x00, 0x00, 0x00, 0x00,
0xad, 0xf9, 0x0f, 0x00, 0x00, 0x00, 0x00, 0x00,
0xb5, 0xda, 0x0f, 0x00, 0x00, 0x00, 0x00, 0x00,
0x6b, 0xe0, 0x0f, 0x00, 0x00, 0x00, 0x00, 0x00,
0x98, 0xe0, 0x0f, 0x00, 0x00, 0x00, 0x00, 0x00,
0xc5, 0xe0, 0x0f, 0x00, 0x00, 0x00, 0x00, 0x00,
0xf2, 0xe0, 0x0f, 0x00, 0x00, 0x00, 0x00, 0x00,
0x1f, 0xe1, 0x0f, 0x00, 0x00, 0x00, 0x00, 0x00,
0x4c, 0xe1, 0x0f, 0x00, 0x00, 0x00, 0x00, 0x00,
0x79, 0xf0, 0x0f, 0x00, 0x00, 0x00, 0x00, 0x00,
0xa6, 0x14, 0x00, 0x00, 0x00, 0x00, 0x00, 0x00,
0xd3, 0xfc, 0x0f, 0x00, 0x00, 0x00, 0x00, 0x00,
0x00, 0xfd, 0x0f, 0x00, 0x00, 0x00, 0x00, 0x00,
0x2d, 0xfd, 0x0f, 0x00, 0x00, 0x00, 0x00, 0x00,
0x5a, 0xfd, 0x0f, 0x00, 0x00, 0x00, 0x00, 0x00,
0x87, 0xfd, 0x0f, 0x00, 0x00, 0x00, 0x00, 0x00,
0xb4, 0xfd, 0x0f, 0x00, 0x00, 0x00, 0x00, 0x00,
0xe1, 0x0b, 0x00, 0x00, 0x00, 0x00, 0x00, 0x00,
0x0e, 0x0d, 0x00, 0x00, 0x00, 0x00, 0x00, 0x00,
0x3b, 0x12, 0x00, 0x00, 0x00, 0x00, 0x00, 0x00,
0x68, 0x12, 0x00, 0x00, 0x00, 0x00, 0x00, 0x00,
0x95, 0x12, 0x00, 0x00, 0x00, 0x00, 0x00, 0x00,
0xc2, 0x12, 0x00, 0x00, 0x00, 0x00, 0x00, 0x00,
0xef, 0x12, 0x00, 0x00, 0x00, 0x00, 0x00, 0x00,
0x1c, 0x13, 0x00, 0x00, 0x00, 0x00, 0x00, 0x00,
0x71, 0xfc, 0x0f, 0x00, 0x00, 0x00, 0x00, 0x00,
0x77, 0xf2, 0x0f, 0x00, 0x00, 0x00, 0x00, 0x00,
0x1b, 0xf2, 0x0f, 0x00, 0x00, 0x00, 0x00, 0x00,
0xbf, 0xf1, 0x0f, 0x00, 0x00, 0x00, 0x00, 0x00,
0x63, 0xf1, 0x0f, 0x00, 0x00, 0x00, 0x00, 0x00,
0x07, 0xf1, 0x0f, 0x00, 0x00, 0x00, 0x00, 0x00,
0xab, 0xf0, 0x0f, 0x00, 0x00, 0x00, 0x00, 0x00,
0x4f, 0xf0, 0x0f, 0x00, 0x00, 0x00, 0x00, 0x00,
0xf3, 0xd6, 0x0f, 0x00, 0x00, 0x00, 0x00, 0x00,
0x97, 0xda, 0x0f, 0x00, 0x00, 0x00, 0x00, 0x00,
0x3b, 0xd7, 0x0f, 0x00, 0x00, 0x00, 0x00, 0x00,
0xdf, 0xd6, 0x0f, 0x00, 0x00, 0x00, 0x00, 0x00,
0x83, 0xd6, 0x0f, 0x00, 0x00, 0x00, 0x00, 0x00,
0x27, 0xd6, 0x0f, 0x00, 0x00, 0x00, 0x00, 0x00,
0xcb, 0xd5, 0x0f, 0x00, 0x00, 0x00, 0x00, 0x00,
0x6f, 0xd5, 0x0f, 0x00, 0x00, 0x00, 0x00, 0x00,
0x6b, 0xf9, 0x0f, 0x00, 0x00, 0x00, 0x00, 0x00,
0xeb, 0x02, 0x00, 0x00, 0x00, 0x00, 0x00, 0x00,
0x1b, 0xf2, 0x0f, 0x00, 0x00, 0x00, 0x00, 0x00,
0xbf, 0xf1, 0x0f, 0x00, 0x00, 0x00, 0x00, 0x00,
0x63, 0xf1, 0x0f, 0x00, 0x00, 0x00, 0x00, 0x00,
0x07, 0xf1, 0x0f, 0x00, 0x00, 0x00, 0x00, 0x00,
0xab, 0xf0, 0x0f, 0x00, 0x00, 0x00, 0x00, 0x00,
0x4f, 0xf0, 0x0f, 0x00, 0x00, 0x00, 0x00, 0x00,
0xf3, 0xd6, 0x0f, 0x00, 0x00, 0x00, 0x00, 0x00,
0x97, 0xda, 0x0f, 0x00, 0x00, 0x00, 0x00, 0x00,
0x3b, 0xd7, 0x0f, 0x00, 0x00, 0x00, 0x00, 0x00,
0xdf, 0xd6, 0x0f, 0x00, 0x00, 0x00, 0x00, 0x00,
0x83, 0xd6, 0x0f, 0x00, 0x00, 0x00, 0x00, 0x00,
0x27, 0xd6, 0x0f, 0x00, 0x00, 0x00, 0x00, 0x00,
0xcb, 0xd5, 0x0f, 0x00, 0x00, 0x00, 0x00, 0x00,
0x6f, 0xd5, 0x0f, 0x00, 0x00, 0x00, 0x00, 0x00,
0x13, 0xf6, 0x0f, 0x00, 0x00, 0x00, 0x00, 0x00,
0xb7, 0xea, 0x0f, 0x00, 0x00, 0x00, 0x00, 0x00,
0x5b, 0xf7, 0x0f, 0x00, 0x00, 0x00, 0x00, 0x00,
0xff, 0xf6, 0x0f, 0x00, 0x00, 0x00, 0x00, 0x00,
0xa3, 0xf6, 0x0f, 0x00, 0x00, 0x00, 0x00, 0x00,
0x47, 0xf6, 0x0f, 0x00, 0x00, 0x00, 0x00, 0x00,
0xeb, 0xf5, 0x0f, 0x00, 0x00, 0x00, 0x00, 0x00,
0x8f, 0xf5, 0x0f, 0x00, 0x00, 0x00, 0x00, 0x00,
0x33, 0xfa, 0x0f, 0x00, 0x00, 0x00, 0x00, 0x00,
0x75, 0xe5, 0x0f, 0x00, 0x00, 0x00, 0x00, 0x00,
0xc5, 0xd2, 0x0f, 0x00, 0x00, 0x00, 0x00, 0x00,
0x22, 0xd2, 0x0f, 0x00, 0x00, 0x00, 0x00, 0x00,
0x7f, 0xd1, 0x0f, 0x00, 0x00, 0x00, 0x00, 0x00,
0xdc, 0xd0, 0x0f, 0x00, 0x00, 0x00, 0x00, 0x00,
0x39, 0xd0, 0x0f, 0x00, 0x00, 0x00, 0x00, 0x00,
0x96, 0xcf, 0x0f, 0x00, 0x00, 0x00, 0x00, 0x00,
0xf3, 0xef, 0x0f, 0x00, 0x00, 0x00, 0x00, 0x00,
0x50, 0xe4, 0x0f, 0x00, 0x00, 0x00, 0x00, 0x00,
0xad, 0xf0, 0x0f, 0x00, 0x00, 0x00, 0x00, 0x00,
0x0a, 0xf0, 0x0f, 0x00, 0x00, 0x00, 0x00, 0x00,
0x67, 0xef, 0x0f, 0x00, 0x00, 0x00, 0x00, 0x00,
0xc4, 0xee, 0x0f, 0x00, 0x00, 0x00, 0x00, 0x00,
0x21, 0xee, 0x0f, 0x00, 0x00, 0x00, 0x00, 0x00,
0x7e, 0xed, 0x0f, 0x00, 0x00, 0x00, 0x00, 0x00,
0xdb, 0x0c, 0x00, 0x00, 0x00, 0x00, 0x00, 0x00,
0x38, 0x19, 0x00, 0x00, 0x00, 0x00, 0x00, 0x00,
0x95, 0x2d, 0x00, 0x00, 0x00, 0x00, 0x00, 0x00,
0xf2, 0x2c, 0x00, 0x00, 0x00, 0x00, 0x00, 0x00,
0x4f, 0x2c, 0x00, 0x00, 0x00, 0x00, 0x00, 0x00,
0xac, 0x2b, 0x00, 0x00, 0x00, 0x00, 0x00, 0x00,
0x09, 0x2b, 0x00, 0x00, 0x00, 0x00, 0x00, 0x00,
0x66, 0x2a, 0x00, 0x00, 0x00, 0x00, 0x00, 0x00,
0x7b, 0x11, 0x00, 0x00, 0x00, 0x00, 0x00, 0x00,
0x0c, 0xfc, 0x0f, 0x00, 0x00, 0x00, 0x00, 0x00,
0x21, 0xfc, 0x0f, 0x00, 0x00, 0x00, 0x00, 0x00,
0x36, 0xfc, 0x0f, 0x00, 0x00, 0x00, 0x00, 0x00,
0x4b, 0xfc, 0x0f, 0x00, 0x00, 0x00, 0x00, 0x00,
0x60, 0xfc, 0x0f, 0x00, 0x00, 0x00, 0x00, 0x00,
0x75, 0xfc, 0x0f, 0x00, 0x00, 0x00, 0x00, 0x00,
0x8a, 0xfc, 0x0f, 0x00, 0x00, 0x00, 0x00, 0x00,
0x9f, 0x0d, 0x00, 0x00, 0x00, 0x00, 0x00, 0x00,
0xb4, 0xf7, 0x0f, 0x00, 0x00, 0x00, 0x00, 0x00,
0xc9, 0xeb, 0x0f, 0x00, 0x00, 0x00, 0x00, 0x00,
0xde, 0xeb, 0x0f, 0x00, 0x00, 0x00, 0x00, 0x00,
0xf3, 0xeb, 0x0f, 0x00, 0x00, 0x00, 0x00, 0x00,
0x08, 0xec, 0x0f, 0x00, 0x00, 0x00, 0x00, 0x00,
0x1d, 0xec, 0x0f, 0x00, 0x00, 0x00, 0x00, 0x00,
0x32, 0xec, 0x0f, 0x00, 0x00, 0x00, 0x00, 0x00,
0xf7, 0xe7, 0x0f, 0x00, 0x00, 0x00, 0x00, 0x00,
0xde, 0xe8, 0x0f, 0x00, 0x00, 0x00, 0x00, 0x00,
0x21, 0xfc, 0x0f, 0x00, 0x00, 0x00, 0x00, 0x00,
0x36, 0xfc, 0x0f, 0x00, 0x00, 0x00, 0x00, 0x00,
0x4b, 0xfc, 0x0f, 0x00, 0x00, 0x00, 0x00, 0x00,
0x60, 0xfc, 0x0f, 0x00, 0x00, 0x00, 0x00, 0x00,
0x75, 0xfc, 0x0f, 0x00, 0x00, 0x00, 0x00, 0x00,
0x8a, 0xfc, 0x0f, 0x00, 0x00, 0x00, 0x00, 0x00,
0x9f, 0x0d, 0x00, 0x00, 0x00, 0x00, 0x00, 0x00,
0xb4, 0xf7, 0x0f, 0x00, 0x00, 0x00, 0x00, 0x00,
0xc9, 0xeb, 0x0f, 0x00, 0x00, 0x00, 0x00, 0x00,
0xde, 0xeb, 0x0f, 0x00, 0x00, 0x00, 0x00, 0x00,
0xf3, 0xeb, 0x0f, 0x00, 0x00, 0x00, 0x00, 0x00,
0x08, 0xec, 0x0f, 0x00, 0x00, 0x00, 0x00, 0x00,
0x1d, 0xec, 0x0f, 0x00, 0x00, 0x00, 0x00, 0x00,
0x32, 0xec, 0x0f, 0x00, 0x00, 0x00, 0x00, 0x00,
0x47, 0xeb, 0x0f, 0x00, 0x00, 0x00, 0x00, 0x00,
0x5c, 0x01, 0x00, 0x00, 0x00, 0x00, 0x00, 0x00,
0x71, 0x02, 0x00, 0x00, 0x00, 0x00, 0x00, 0x00,
0x86, 0x02, 0x00, 0x00, 0x00, 0x00, 0x00, 0x00,
0x9b, 0x02, 0x00, 0x00, 0x00, 0x00, 0x00, 0x00, 
0xb0, 0x02, 0x00, 0x00, 0x00, 0x00, 0x00, 0x00,
0xc5, 0x02, 0x00, 0x00, 0x00, 0x00, 0x00, 0x00,
0xda, 0x02, 0x00, 0x00, 0x00, 0x00, 0x00, 0x00,
0x2f, 0x00, 0x00, 0x00, 0x00, 0x00, 0x00, 0x00,
0xf2, 0xf5, 0x0f, 0x00, 0x00, 0x00, 0x00, 0x00,
0xf5, 0xf9, 0x0f, 0x00, 0x00, 0x00, 0x00, 0x00,
0x97, 0xf9, 0x0f, 0x00, 0x00, 0x00, 0x00, 0x00,
0x39, 0xf9, 0x0f, 0x00, 0x00, 0x00, 0x00, 0x00,
0xdb, 0xf8, 0x0f, 0x00, 0x00, 0x00, 0x00, 0x00,
0x7d, 0xf8, 0x0f, 0x00, 0x00, 0x00, 0x00, 0x00,
0x1f, 0xf8, 0x0f, 0x00, 0x00, 0x00, 0x00, 0x00,
0xc1, 0xf6, 0x0f, 0x00, 0x00, 0x00, 0x00, 0x00,
0x63, 0x0c, 0x00, 0x00, 0x00, 0x00, 0x00, 0x00,
0x05, 0x0d, 0x00, 0x00, 0x00, 0x00, 0x00, 0x00,
0xa7, 0x0c, 0x00, 0x00, 0x00, 0x00, 0x00, 0x00,
0x49, 0x0c, 0x00, 0x00, 0x00, 0x00, 0x00, 0x00,
0xeb, 0x0b, 0x00, 0x00, 0x00, 0x00, 0x00, 0x00,
0x8d, 0x0b, 0x00, 0x00, 0x00, 0x00, 0x00, 0x00,
0x2f, 0x0b, 0x00, 0x00, 0x00, 0x00, 0x00, 0x00,
0xd1, 0x09, 0x00, 0x00, 0x00, 0x00, 0x00, 0x00,
0x73, 0xe9, 0x0f, 0x00, 0x00, 0x00, 0x00, 0x00,
0x15, 0xfc, 0x0f, 0x00, 0x00, 0x00, 0x00, 0x00,
0xb7, 0xfb, 0x0f, 0x00, 0x00, 0x00, 0x00, 0x00,
0x59, 0xfb, 0x0f, 0x00, 0x00, 0x00, 0x00, 0x00,
0xfb, 0xfa, 0x0f, 0x00, 0x00, 0x00, 0x00, 0x00,
0x9d, 0xfa, 0x0f, 0x00, 0x00, 0x00, 0x00, 0x00,
0x3f, 0xfa, 0x0f, 0x00, 0x00, 0x00, 0x00, 0x00,
0x91, 0x06, 0x00, 0x00, 0x00, 0x00, 0x00, 0x00,
0xa3, 0x44, 0x00, 0x00, 0x00, 0x00, 0x00, 0x00,
0x93, 0x44, 0x00, 0x00, 0x00, 0x00, 0x00, 0x00,
0x83, 0x44, 0x00, 0x00, 0x00, 0x00, 0x00, 0x00,
0x73, 0x44, 0x00, 0x00, 0x00, 0x00, 0x00, 0x00,
0x63, 0x44, 0x00, 0x00, 0x00, 0x00, 0x00, 0x00,
0x53, 0x44, 0x00, 0x00, 0x00, 0x00, 0x00, 0x00,
0x43, 0x44, 0x00, 0x00, 0x00, 0x00, 0x00, 0x00,
0x33, 0x35, 0x00, 0x00, 0x00, 0x00, 0x00, 0x00,
0x23, 0x44, 0x00, 0x00, 0x00, 0x00, 0x00, 0x00,
0x13, 0x21, 0x00, 0x00, 0x00, 0x00, 0x00, 0x00,
0x03, 0x21, 0x00, 0x00, 0x00, 0x00, 0x00, 0x00,
0xf3, 0x20, 0x00, 0x00, 0x00, 0x00, 0x00, 0x00,
0xe3, 0x20, 0x00, 0x00, 0x00, 0x00, 0x00, 0x00,
0xd3, 0x20, 0x00, 0x00, 0x00, 0x00, 0x00, 0x00,
0xc3, 0x20, 0x00, 0x00, 0x00, 0x00, 0x00, 0x00,
0xab, 0x06, 0x00, 0x00, 0x00, 0x00, 0x00, 0x00,
0xa5, 0x21, 0x00, 0x00, 0x00, 0x00, 0x00, 0x00,
0x93, 0x44, 0x00, 0x00, 0x00, 0x00, 0x00, 0x00,
0x83, 0x44, 0x00, 0x00, 0x00, 0x00, 0x00, 0x00,
0x73, 0x44, 0x00, 0x00, 0x00, 0x00, 0x00, 0x00,
0x63, 0x44, 0x00, 0x00, 0x00, 0x00, 0x00, 0x00,
0x53, 0x44, 0x00, 0x00, 0x00, 0x00, 0x00, 0x00,
0x43, 0x44, 0x00, 0x00, 0x00, 0x00, 0x00, 0x00,
0x33, 0x35, 0x00, 0x00, 0x00, 0x00, 0x00, 0x00,
0x23, 0x44, 0x00, 0x00, 0x00, 0x00, 0x00, 0x00,
0x13, 0x21, 0x00, 0x00, 0x00, 0x00, 0x00, 0x00,
0x03, 0x21, 0x00, 0x00, 0x00, 0x00, 0x00, 0x00,
0xf3, 0x20, 0x00, 0x00, 0x00, 0x00, 0x00, 0x00,
0xe3, 0x20, 0x00, 0x00, 0x00, 0x00, 0x00, 0x00,
0xd3, 0x20, 0x00, 0x00, 0x00, 0x00, 0x00, 0x00,
0xc3, 0x20, 0x00, 0x00, 0x00, 0x00, 0x00, 0x00,
0xb3, 0x0d, 0x00, 0x00, 0x00, 0x00, 0x00, 0x00,
0xa3, 0x16, 0x00, 0x00, 0x00, 0x00, 0x00, 0x00,
0x93, 0x15, 0x00, 0x00, 0x00, 0x00, 0x00, 0x00,
0x83, 0x15, 0x00, 0x00, 0x00, 0x00, 0x00, 0x00,
0x73, 0x15, 0x00, 0x00, 0x00, 0x00, 0x00, 0x00,
0x63, 0x15, 0x00, 0x00, 0x00, 0x00, 0x00, 0x00,
0x53, 0x15, 0x00, 0x00, 0x00, 0x00, 0x00, 0x00,
0x43, 0x15, 0x00, 0x00, 0x00, 0x00, 0x00, 0x00,
0x83, 0x0b, 0x00, 0x00, 0x00, 0x00, 0x00, 0x00,
0xaf, 0x16, 0x00, 0x00, 0x00, 0x00, 0x00, 0x00,
0x2b, 0x1e, 0x00, 0x00, 0x00, 0x00, 0x00, 0x00,
0xc1, 0x1d, 0x00, 0x00, 0x00, 0x00, 0x00, 0x00,
0x57, 0x1d, 0x00, 0x00, 0x00, 0x00, 0x00, 0x00,
0xed, 0x1c, 0x00, 0x00, 0x00, 0x00, 0x00, 0x00,
0x83, 0x1c, 0x00, 0x00, 0x00, 0x00, 0x00, 0x00,
0x19, 0x1c, 0x00, 0x00, 0x00, 0x00, 0x00, 0x00,
0xaf, 0x08, 0x00, 0x00, 0x00, 0x00, 0x00, 0x00,
0x45, 0x11, 0x00, 0x00, 0x00, 0x00, 0x00, 0x00,
0xdb, 0x0f, 0x00, 0x00, 0x00, 0x00, 0x00, 0x00,
0x71, 0x0f, 0x00, 0x00, 0x00, 0x00, 0x00, 0x00,
0x07, 0x0f, 0x00, 0x00, 0x00, 0x00, 0x00, 0x00,
0x9d, 0x0e, 0x00, 0x00, 0x00, 0x00, 0x00, 0x00,
0x33, 0x0e, 0x00, 0x00, 0x00, 0x00, 0x00, 0x00,
0xc9, 0x0d, 0x00, 0x00, 0x00, 0x00, 0x00, 0x00,
0x5f, 0x1e, 0x00, 0x00, 0x00, 0x00, 0x00, 0x00,
0xf5, 0x3c, 0x00, 0x00, 0x00, 0x00, 0x00, 0x00,
0x8b, 0x29, 0x00, 0x00, 0x00, 0x00, 0x00, 0x00,
0x21, 0x29, 0x00, 0x00, 0x00, 0x00, 0x00, 0x00,
0xb7, 0x28, 0x00, 0x00, 0x00, 0x00, 0x00, 0x00,
0x4d, 0x28, 0x00, 0x00, 0x00, 0x00, 0x00, 0x00,
0xe3, 0x27, 0x00, 0x00, 0x00, 0x00, 0x00, 0x00,
0x79, 0x27, 0x00, 0x00, 0x00, 0x00, 0x00, 0x00,
0x07, 0x12, 0x00, 0x00, 0x00, 0x00, 0x00, 0x00
};
